INSERT INTO brands (id, name, description, is_active) VALUES ('b77a7f9a-1111-4b8a-9b1b-1234567890ab', 'BrandX', 'Default brand for seed data', true) ON CONFLICT (id) DO NOTHING;
INSERT INTO categories (id, slug, name, description, is_active) VALUES ('d4a9078e-814a-4a8e-a716-1bb29aa40e6c', 'electronics', 'Electronics', 'Electronic devices and accessories', true) ON CONFLICT (slug) DO NOTHING;

INSERT INTO products (id, category_id, slug, name, description, short_description, brand, brand_id, status) VALUES ('be5a8e42-aee7-476b-8b04-69f4e94f7cbd', 'd4a9078e-814a-4a8e-a716-1bb29aa40e6c', 'product-1', 'Awesome Product 1', 'This is the detailed description for Awesome Product 1.', 'Short description 1', 'BrandX', 'b77a7f9a-1111-4b8a-9b1b-1234567890ab', 'active') ON CONFLICT (slug) DO NOTHING;
INSERT INTO variants (id, product_id, sku, name, price, is_active) VALUES ('3d730d6d-af42-4290-860f-dc352afc0e21', 'be5a8e42-aee7-476b-8b04-69f4e94f7cbd', 'SKU-1', 'Default Variant', 11.00, true) ON CONFLICT (sku) DO NOTHING;
INSERT INTO inventory (variant_id, quantity_on_hand, quantity_reserved) VALUES ('3d730d6d-af42-4290-860f-dc352afc0e21', 101, 0) ON CONFLICT (variant_id) DO NOTHING;
INSERT INTO products (id, category_id, slug, name, description, short_description, brand, brand_id, status) VALUES ('a0632be3-f363-4841-b80a-2660b73fee2f', 'd4a9078e-814a-4a8e-a716-1bb29aa40e6c', 'product-2', 'Awesome Product 2', 'This is the detailed description for Awesome Product 2.', 'Short description 2', 'BrandX', 'b77a7f9a-1111-4b8a-9b1b-1234567890ab', 'active') ON CONFLICT (slug) DO NOTHING;
INSERT INTO variants (id, product_id, sku, name, price, is_active) VALUES ('eb7f2796-62e9-481c-8232-e2875da4884c', 'a0632be3-f363-4841-b80a-2660b73fee2f', 'SKU-2', 'Default Variant', 12.00, true) ON CONFLICT (sku) DO NOTHING;
INSERT INTO inventory (variant_id, quantity_on_hand, quantity_reserved) VALUES ('eb7f2796-62e9-481c-8232-e2875da4884c', 102, 0) ON CONFLICT (variant_id) DO NOTHING;
INSERT INTO products (id, category_id, slug, name, description, short_description, brand, brand_id, status) VALUES ('1ac737d7-9229-49e7-8e4b-a6cd939a8acd', 'd4a9078e-814a-4a8e-a716-1bb29aa40e6c', 'product-3', 'Awesome Product 3', 'This is the detailed description for Awesome Product 3.', 'Short description 3', 'BrandX', 'b77a7f9a-1111-4b8a-9b1b-1234567890ab', 'active') ON CONFLICT (slug) DO NOTHING;
INSERT INTO variants (id, product_id, sku, name, price, is_active) VALUES ('14aae7eb-3094-44a1-8770-e56e23811f12', '1ac737d7-9229-49e7-8e4b-a6cd939a8acd', 'SKU-3', 'Default Variant', 13.00, true) ON CONFLICT (sku) DO NOTHING;
INSERT INTO inventory (variant_id, quantity_on_hand, quantity_reserved) VALUES ('14aae7eb-3094-44a1-8770-e56e23811f12', 103, 0) ON CONFLICT (variant_id) DO NOTHING;
INSERT INTO products (id, category_id, slug, name, description, short_description, brand, brand_id, status) VALUES ('d19105ae-4b16-4823-814d-853cf4f7f013', 'd4a9078e-814a-4a8e-a716-1bb29aa40e6c', 'product-4', 'Awesome Product 4', 'This is the detailed description for Awesome Product 4.', 'Short description 4', 'BrandX', 'b77a7f9a-1111-4b8a-9b1b-1234567890ab', 'active') ON CONFLICT (slug) DO NOTHING;
INSERT INTO variants (id, product_id, sku, name, price, is_active) VALUES ('6846b022-2595-4d91-95cc-90d016b4b461', 'd19105ae-4b16-4823-814d-853cf4f7f013', 'SKU-4', 'Default Variant', 14.00, true) ON CONFLICT (sku) DO NOTHING;
INSERT INTO inventory (variant_id, quantity_on_hand, quantity_reserved) VALUES ('6846b022-2595-4d91-95cc-90d016b4b461', 104, 0) ON CONFLICT (variant_id) DO NOTHING;
INSERT INTO products (id, category_id, slug, name, description, short_description, brand, brand_id, status) VALUES ('48ad2098-cf96-4dd1-99ec-99f5e6a7229d', 'd4a9078e-814a-4a8e-a716-1bb29aa40e6c', 'product-5', 'Awesome Product 5', 'This is the detailed description for Awesome Product 5.', 'Short description 5', 'BrandX', 'b77a7f9a-1111-4b8a-9b1b-1234567890ab', 'active') ON CONFLICT (slug) DO NOTHING;
INSERT INTO variants (id, product_id, sku, name, price, is_active) VALUES ('0b638139-0222-41cd-ac86-9f3244b23c92', '48ad2098-cf96-4dd1-99ec-99f5e6a7229d', 'SKU-5', 'Default Variant', 15.00, true) ON CONFLICT (sku) DO NOTHING;
INSERT INTO inventory (variant_id, quantity_on_hand, quantity_reserved) VALUES ('0b638139-0222-41cd-ac86-9f3244b23c92', 105, 0) ON CONFLICT (variant_id) DO NOTHING;
INSERT INTO products (id, category_id, slug, name, description, short_description, brand, brand_id, status) VALUES ('f24f835f-927d-4636-9ea6-fd04adfffe66', 'd4a9078e-814a-4a8e-a716-1bb29aa40e6c', 'product-6', 'Awesome Product 6', 'This is the detailed description for Awesome Product 6.', 'Short description 6', 'BrandX', 'b77a7f9a-1111-4b8a-9b1b-1234567890ab', 'active') ON CONFLICT (slug) DO NOTHING;
INSERT INTO variants (id, product_id, sku, name, price, is_active) VALUES ('2246aa9b-fdf7-4910-bb7e-30e52a0d9fbe', 'f24f835f-927d-4636-9ea6-fd04adfffe66', 'SKU-6', 'Default Variant', 16.00, true) ON CONFLICT (sku) DO NOTHING;
INSERT INTO inventory (variant_id, quantity_on_hand, quantity_reserved) VALUES ('2246aa9b-fdf7-4910-bb7e-30e52a0d9fbe', 106, 0) ON CONFLICT (variant_id) DO NOTHING;
INSERT INTO products (id, category_id, slug, name, description, short_description, brand, brand_id, status) VALUES ('84600591-ab4f-4dd2-b2b5-4d4cc6c5da65', 'd4a9078e-814a-4a8e-a716-1bb29aa40e6c', 'product-7', 'Awesome Product 7', 'This is the detailed description for Awesome Product 7.', 'Short description 7', 'BrandX', 'b77a7f9a-1111-4b8a-9b1b-1234567890ab', 'active') ON CONFLICT (slug) DO NOTHING;
INSERT INTO variants (id, product_id, sku, name, price, is_active) VALUES ('7c475a7b-c950-4269-8735-225411b74f44', '84600591-ab4f-4dd2-b2b5-4d4cc6c5da65', 'SKU-7', 'Default Variant', 17.00, true) ON CONFLICT (sku) DO NOTHING;
INSERT INTO inventory (variant_id, quantity_on_hand, quantity_reserved) VALUES ('7c475a7b-c950-4269-8735-225411b74f44', 107, 0) ON CONFLICT (variant_id) DO NOTHING;
INSERT INTO products (id, category_id, slug, name, description, short_description, brand, brand_id, status) VALUES ('d63e2cbb-9237-4c4a-8b27-f26af7f89140', 'd4a9078e-814a-4a8e-a716-1bb29aa40e6c', 'product-8', 'Awesome Product 8', 'This is the detailed description for Awesome Product 8.', 'Short description 8', 'BrandX', 'b77a7f9a-1111-4b8a-9b1b-1234567890ab', 'active') ON CONFLICT (slug) DO NOTHING;
INSERT INTO variants (id, product_id, sku, name, price, is_active) VALUES ('c83cf447-6777-497a-9202-f24f16af3869', 'd63e2cbb-9237-4c4a-8b27-f26af7f89140', 'SKU-8', 'Default Variant', 18.00, true) ON CONFLICT (sku) DO NOTHING;
INSERT INTO inventory (variant_id, quantity_on_hand, quantity_reserved) VALUES ('c83cf447-6777-497a-9202-f24f16af3869', 108, 0) ON CONFLICT (variant_id) DO NOTHING;
INSERT INTO products (id, category_id, slug, name, description, short_description, brand, brand_id, status) VALUES ('9323e32b-7f59-4ff7-bee0-6261aee8925c', 'd4a9078e-814a-4a8e-a716-1bb29aa40e6c', 'product-9', 'Awesome Product 9', 'This is the detailed description for Awesome Product 9.', 'Short description 9', 'BrandX', 'b77a7f9a-1111-4b8a-9b1b-1234567890ab', 'active') ON CONFLICT (slug) DO NOTHING;
INSERT INTO variants (id, product_id, sku, name, price, is_active) VALUES ('7342819a-037d-41df-b4a4-9425cbfc5b62', '9323e32b-7f59-4ff7-bee0-6261aee8925c', 'SKU-9', 'Default Variant', 19.00, true) ON CONFLICT (sku) DO NOTHING;
INSERT INTO inventory (variant_id, quantity_on_hand, quantity_reserved) VALUES ('7342819a-037d-41df-b4a4-9425cbfc5b62', 109, 0) ON CONFLICT (variant_id) DO NOTHING;
INSERT INTO products (id, category_id, slug, name, description, short_description, brand, brand_id, status) VALUES ('a28035f1-84a4-4321-9e06-42df7860b209', 'd4a9078e-814a-4a8e-a716-1bb29aa40e6c', 'product-10', 'Awesome Product 10', 'This is the detailed description for Awesome Product 10.', 'Short description 10', 'BrandX', 'b77a7f9a-1111-4b8a-9b1b-1234567890ab', 'active') ON CONFLICT (slug) DO NOTHING;
INSERT INTO variants (id, product_id, sku, name, price, is_active) VALUES ('2d1f1fb1-5af2-4956-8ecc-232b506afba0', 'a28035f1-84a4-4321-9e06-42df7860b209', 'SKU-10', 'Default Variant', 20.00, true) ON CONFLICT (sku) DO NOTHING;
INSERT INTO inventory (variant_id, quantity_on_hand, quantity_reserved) VALUES ('2d1f1fb1-5af2-4956-8ecc-232b506afba0', 110, 0) ON CONFLICT (variant_id) DO NOTHING;
INSERT INTO products (id, category_id, slug, name, description, short_description, brand, brand_id, status) VALUES ('61c75016-7dcd-4bed-812e-0d0e390755d6', 'd4a9078e-814a-4a8e-a716-1bb29aa40e6c', 'product-11', 'Awesome Product 11', 'This is the detailed description for Awesome Product 11.', 'Short description 11', 'BrandX', 'b77a7f9a-1111-4b8a-9b1b-1234567890ab', 'active') ON CONFLICT (slug) DO NOTHING;
INSERT INTO variants (id, product_id, sku, name, price, is_active) VALUES ('da135e98-ff20-44b7-865d-9e7320de6cc9', '61c75016-7dcd-4bed-812e-0d0e390755d6', 'SKU-11', 'Default Variant', 21.00, true) ON CONFLICT (sku) DO NOTHING;
INSERT INTO inventory (variant_id, quantity_on_hand, quantity_reserved) VALUES ('da135e98-ff20-44b7-865d-9e7320de6cc9', 111, 0) ON CONFLICT (variant_id) DO NOTHING;
INSERT INTO products (id, category_id, slug, name, description, short_description, brand, brand_id, status) VALUES ('348d47dd-412c-479c-8459-dd61bb67ae7d', 'd4a9078e-814a-4a8e-a716-1bb29aa40e6c', 'product-12', 'Awesome Product 12', 'This is the detailed description for Awesome Product 12.', 'Short description 12', 'BrandX', 'b77a7f9a-1111-4b8a-9b1b-1234567890ab', 'active') ON CONFLICT (slug) DO NOTHING;
INSERT INTO variants (id, product_id, sku, name, price, is_active) VALUES ('0b8d6883-05d3-49b7-83de-9705d5b3b99a', '348d47dd-412c-479c-8459-dd61bb67ae7d', 'SKU-12', 'Default Variant', 22.00, true) ON CONFLICT (sku) DO NOTHING;
INSERT INTO inventory (variant_id, quantity_on_hand, quantity_reserved) VALUES ('0b8d6883-05d3-49b7-83de-9705d5b3b99a', 112, 0) ON CONFLICT (variant_id) DO NOTHING;
INSERT INTO products (id, category_id, slug, name, description, short_description, brand, brand_id, status) VALUES ('f1a45551-b068-49fb-8b1e-452a222edd69', 'd4a9078e-814a-4a8e-a716-1bb29aa40e6c', 'product-13', 'Awesome Product 13', 'This is the detailed description for Awesome Product 13.', 'Short description 13', 'BrandX', 'b77a7f9a-1111-4b8a-9b1b-1234567890ab', 'active') ON CONFLICT (slug) DO NOTHING;
INSERT INTO variants (id, product_id, sku, name, price, is_active) VALUES ('6045d219-bddc-408e-85f5-a085f59b768d', 'f1a45551-b068-49fb-8b1e-452a222edd69', 'SKU-13', 'Default Variant', 23.00, true) ON CONFLICT (sku) DO NOTHING;
INSERT INTO inventory (variant_id, quantity_on_hand, quantity_reserved) VALUES ('6045d219-bddc-408e-85f5-a085f59b768d', 113, 0) ON CONFLICT (variant_id) DO NOTHING;
INSERT INTO products (id, category_id, slug, name, description, short_description, brand, brand_id, status) VALUES ('7981f597-3466-4535-94fa-90c7bf5c6bbb', 'd4a9078e-814a-4a8e-a716-1bb29aa40e6c', 'product-14', 'Awesome Product 14', 'This is the detailed description for Awesome Product 14.', 'Short description 14', 'BrandX', 'b77a7f9a-1111-4b8a-9b1b-1234567890ab', 'active') ON CONFLICT (slug) DO NOTHING;
INSERT INTO variants (id, product_id, sku, name, price, is_active) VALUES ('64d36213-b88b-4619-904a-54cf43cc04a3', '7981f597-3466-4535-94fa-90c7bf5c6bbb', 'SKU-14', 'Default Variant', 24.00, true) ON CONFLICT (sku) DO NOTHING;
INSERT INTO inventory (variant_id, quantity_on_hand, quantity_reserved) VALUES ('64d36213-b88b-4619-904a-54cf43cc04a3', 114, 0) ON CONFLICT (variant_id) DO NOTHING;
INSERT INTO products (id, category_id, slug, name, description, short_description, brand, brand_id, status) VALUES ('83603f7e-78e9-464f-94f7-e1dcabfcfc4d', 'd4a9078e-814a-4a8e-a716-1bb29aa40e6c', 'product-15', 'Awesome Product 15', 'This is the detailed description for Awesome Product 15.', 'Short description 15', 'BrandX', 'b77a7f9a-1111-4b8a-9b1b-1234567890ab', 'active') ON CONFLICT (slug) DO NOTHING;
INSERT INTO variants (id, product_id, sku, name, price, is_active) VALUES ('1ebc5d52-8bff-4bc1-8da6-6d4546cf8b25', '83603f7e-78e9-464f-94f7-e1dcabfcfc4d', 'SKU-15', 'Default Variant', 25.00, true) ON CONFLICT (sku) DO NOTHING;
INSERT INTO inventory (variant_id, quantity_on_hand, quantity_reserved) VALUES ('1ebc5d52-8bff-4bc1-8da6-6d4546cf8b25', 115, 0) ON CONFLICT (variant_id) DO NOTHING;
INSERT INTO products (id, category_id, slug, name, description, short_description, brand, brand_id, status) VALUES ('edcc5621-584b-4f38-8109-9f18b9fba4dd', 'd4a9078e-814a-4a8e-a716-1bb29aa40e6c', 'product-16', 'Awesome Product 16', 'This is the detailed description for Awesome Product 16.', 'Short description 16', 'BrandX', 'b77a7f9a-1111-4b8a-9b1b-1234567890ab', 'active') ON CONFLICT (slug) DO NOTHING;
INSERT INTO variants (id, product_id, sku, name, price, is_active) VALUES ('777e33ea-ca53-4f2f-946c-d289ed9cbd88', 'edcc5621-584b-4f38-8109-9f18b9fba4dd', 'SKU-16', 'Default Variant', 26.00, true) ON CONFLICT (sku) DO NOTHING;
INSERT INTO inventory (variant_id, quantity_on_hand, quantity_reserved) VALUES ('777e33ea-ca53-4f2f-946c-d289ed9cbd88', 116, 0) ON CONFLICT (variant_id) DO NOTHING;
INSERT INTO products (id, category_id, slug, name, description, short_description, brand, brand_id, status) VALUES ('3a84ba31-1ac9-451c-ac8d-ce12c6560a47', 'd4a9078e-814a-4a8e-a716-1bb29aa40e6c', 'product-17', 'Awesome Product 17', 'This is the detailed description for Awesome Product 17.', 'Short description 17', 'BrandX', 'b77a7f9a-1111-4b8a-9b1b-1234567890ab', 'active') ON CONFLICT (slug) DO NOTHING;
INSERT INTO variants (id, product_id, sku, name, price, is_active) VALUES ('ec346c91-6ac9-4603-8255-bdd671a9bd4d', '3a84ba31-1ac9-451c-ac8d-ce12c6560a47', 'SKU-17', 'Default Variant', 27.00, true) ON CONFLICT (sku) DO NOTHING;
INSERT INTO inventory (variant_id, quantity_on_hand, quantity_reserved) VALUES ('ec346c91-6ac9-4603-8255-bdd671a9bd4d', 117, 0) ON CONFLICT (variant_id) DO NOTHING;
INSERT INTO products (id, category_id, slug, name, description, short_description, brand, brand_id, status) VALUES ('6a64a446-3655-4be7-9f8b-81b4fdbffba4', 'd4a9078e-814a-4a8e-a716-1bb29aa40e6c', 'product-18', 'Awesome Product 18', 'This is the detailed description for Awesome Product 18.', 'Short description 18', 'BrandX', 'b77a7f9a-1111-4b8a-9b1b-1234567890ab', 'active') ON CONFLICT (slug) DO NOTHING;
INSERT INTO variants (id, product_id, sku, name, price, is_active) VALUES ('b71c38b5-8be7-4b43-a666-4d2dc8c6b4c5', '6a64a446-3655-4be7-9f8b-81b4fdbffba4', 'SKU-18', 'Default Variant', 28.00, true) ON CONFLICT (sku) DO NOTHING;
INSERT INTO inventory (variant_id, quantity_on_hand, quantity_reserved) VALUES ('b71c38b5-8be7-4b43-a666-4d2dc8c6b4c5', 118, 0) ON CONFLICT (variant_id) DO NOTHING;
INSERT INTO products (id, category_id, slug, name, description, short_description, brand, brand_id, status) VALUES ('1b00ef7f-0dea-4f0f-b888-122a968241af', 'd4a9078e-814a-4a8e-a716-1bb29aa40e6c', 'product-19', 'Awesome Product 19', 'This is the detailed description for Awesome Product 19.', 'Short description 19', 'BrandX', 'b77a7f9a-1111-4b8a-9b1b-1234567890ab', 'active') ON CONFLICT (slug) DO NOTHING;
INSERT INTO variants (id, product_id, sku, name, price, is_active) VALUES ('d274fe1c-aae7-4ebb-b409-c7a4bc636074', '1b00ef7f-0dea-4f0f-b888-122a968241af', 'SKU-19', 'Default Variant', 29.00, true) ON CONFLICT (sku) DO NOTHING;
INSERT INTO inventory (variant_id, quantity_on_hand, quantity_reserved) VALUES ('d274fe1c-aae7-4ebb-b409-c7a4bc636074', 119, 0) ON CONFLICT (variant_id) DO NOTHING;
INSERT INTO products (id, category_id, slug, name, description, short_description, brand, brand_id, status) VALUES ('69e377fd-01be-4dd7-b1c0-31832e006eb9', 'd4a9078e-814a-4a8e-a716-1bb29aa40e6c', 'product-20', 'Awesome Product 20', 'This is the detailed description for Awesome Product 20.', 'Short description 20', 'BrandX', 'b77a7f9a-1111-4b8a-9b1b-1234567890ab', 'active') ON CONFLICT (slug) DO NOTHING;
INSERT INTO variants (id, product_id, sku, name, price, is_active) VALUES ('803f2192-2b24-423f-a863-33a727ab270c', '69e377fd-01be-4dd7-b1c0-31832e006eb9', 'SKU-20', 'Default Variant', 30.00, true) ON CONFLICT (sku) DO NOTHING;
INSERT INTO inventory (variant_id, quantity_on_hand, quantity_reserved) VALUES ('803f2192-2b24-423f-a863-33a727ab270c', 120, 0) ON CONFLICT (variant_id) DO NOTHING;
INSERT INTO products (id, category_id, slug, name, description, short_description, brand, brand_id, status) VALUES ('c33c4db8-4147-4ec8-8b03-33ce9714b850', 'd4a9078e-814a-4a8e-a716-1bb29aa40e6c', 'product-21', 'Awesome Product 21', 'This is the detailed description for Awesome Product 21.', 'Short description 21', 'BrandX', 'b77a7f9a-1111-4b8a-9b1b-1234567890ab', 'active') ON CONFLICT (slug) DO NOTHING;
INSERT INTO variants (id, product_id, sku, name, price, is_active) VALUES ('bffa6164-774d-4019-8363-0cca19b1a91b', 'c33c4db8-4147-4ec8-8b03-33ce9714b850', 'SKU-21', 'Default Variant', 31.00, true) ON CONFLICT (sku) DO NOTHING;
INSERT INTO inventory (variant_id, quantity_on_hand, quantity_reserved) VALUES ('bffa6164-774d-4019-8363-0cca19b1a91b', 121, 0) ON CONFLICT (variant_id) DO NOTHING;
INSERT INTO products (id, category_id, slug, name, description, short_description, brand, brand_id, status) VALUES ('654655dc-2162-4aa3-9fde-98e3b7c51b59', 'd4a9078e-814a-4a8e-a716-1bb29aa40e6c', 'product-22', 'Awesome Product 22', 'This is the detailed description for Awesome Product 22.', 'Short description 22', 'BrandX', 'b77a7f9a-1111-4b8a-9b1b-1234567890ab', 'active') ON CONFLICT (slug) DO NOTHING;
INSERT INTO variants (id, product_id, sku, name, price, is_active) VALUES ('e92826be-a7af-4f49-8c76-cab21b69120d', '654655dc-2162-4aa3-9fde-98e3b7c51b59', 'SKU-22', 'Default Variant', 32.00, true) ON CONFLICT (sku) DO NOTHING;
INSERT INTO inventory (variant_id, quantity_on_hand, quantity_reserved) VALUES ('e92826be-a7af-4f49-8c76-cab21b69120d', 122, 0) ON CONFLICT (variant_id) DO NOTHING;
INSERT INTO products (id, category_id, slug, name, description, short_description, brand, brand_id, status) VALUES ('13b13252-45bd-452e-9c6b-ccfa79f23272', 'd4a9078e-814a-4a8e-a716-1bb29aa40e6c', 'product-23', 'Awesome Product 23', 'This is the detailed description for Awesome Product 23.', 'Short description 23', 'BrandX', 'b77a7f9a-1111-4b8a-9b1b-1234567890ab', 'active') ON CONFLICT (slug) DO NOTHING;
INSERT INTO variants (id, product_id, sku, name, price, is_active) VALUES ('b8d31575-bcdc-4fd5-afb4-0c586f5fba89', '13b13252-45bd-452e-9c6b-ccfa79f23272', 'SKU-23', 'Default Variant', 33.00, true) ON CONFLICT (sku) DO NOTHING;
INSERT INTO inventory (variant_id, quantity_on_hand, quantity_reserved) VALUES ('b8d31575-bcdc-4fd5-afb4-0c586f5fba89', 123, 0) ON CONFLICT (variant_id) DO NOTHING;
INSERT INTO products (id, category_id, slug, name, description, short_description, brand, brand_id, status) VALUES ('03d66224-b9b0-488c-ac43-dfad7bbff201', 'd4a9078e-814a-4a8e-a716-1bb29aa40e6c', 'product-24', 'Awesome Product 24', 'This is the detailed description for Awesome Product 24.', 'Short description 24', 'BrandX', 'b77a7f9a-1111-4b8a-9b1b-1234567890ab', 'active') ON CONFLICT (slug) DO NOTHING;
INSERT INTO variants (id, product_id, sku, name, price, is_active) VALUES ('ba781dcb-f7de-45f3-abfa-bab845b59942', '03d66224-b9b0-488c-ac43-dfad7bbff201', 'SKU-24', 'Default Variant', 34.00, true) ON CONFLICT (sku) DO NOTHING;
INSERT INTO inventory (variant_id, quantity_on_hand, quantity_reserved) VALUES ('ba781dcb-f7de-45f3-abfa-bab845b59942', 124, 0) ON CONFLICT (variant_id) DO NOTHING;
INSERT INTO products (id, category_id, slug, name, description, short_description, brand, brand_id, status) VALUES ('a546eb02-6713-4fbe-a40f-7d4e6faa52f9', 'd4a9078e-814a-4a8e-a716-1bb29aa40e6c', 'product-25', 'Awesome Product 25', 'This is the detailed description for Awesome Product 25.', 'Short description 25', 'BrandX', 'b77a7f9a-1111-4b8a-9b1b-1234567890ab', 'active') ON CONFLICT (slug) DO NOTHING;
INSERT INTO variants (id, product_id, sku, name, price, is_active) VALUES ('ffe61f07-9398-4880-bd75-98743acf08d5', 'a546eb02-6713-4fbe-a40f-7d4e6faa52f9', 'SKU-25', 'Default Variant', 35.00, true) ON CONFLICT (sku) DO NOTHING;
INSERT INTO inventory (variant_id, quantity_on_hand, quantity_reserved) VALUES ('ffe61f07-9398-4880-bd75-98743acf08d5', 125, 0) ON CONFLICT (variant_id) DO NOTHING;
INSERT INTO products (id, category_id, slug, name, description, short_description, brand, brand_id, status) VALUES ('afca17ac-2c3e-4303-aeb3-ab952e1af93f', 'd4a9078e-814a-4a8e-a716-1bb29aa40e6c', 'product-26', 'Awesome Product 26', 'This is the detailed description for Awesome Product 26.', 'Short description 26', 'BrandX', 'b77a7f9a-1111-4b8a-9b1b-1234567890ab', 'active') ON CONFLICT (slug) DO NOTHING;
INSERT INTO variants (id, product_id, sku, name, price, is_active) VALUES ('192d394c-9a5f-4277-baaf-a7df6fc58619', 'afca17ac-2c3e-4303-aeb3-ab952e1af93f', 'SKU-26', 'Default Variant', 36.00, true) ON CONFLICT (sku) DO NOTHING;
INSERT INTO inventory (variant_id, quantity_on_hand, quantity_reserved) VALUES ('192d394c-9a5f-4277-baaf-a7df6fc58619', 126, 0) ON CONFLICT (variant_id) DO NOTHING;
INSERT INTO products (id, category_id, slug, name, description, short_description, brand, brand_id, status) VALUES ('d97e9a43-bd36-4224-a75d-c95b85832bcb', 'd4a9078e-814a-4a8e-a716-1bb29aa40e6c', 'product-27', 'Awesome Product 27', 'This is the detailed description for Awesome Product 27.', 'Short description 27', 'BrandX', 'b77a7f9a-1111-4b8a-9b1b-1234567890ab', 'active') ON CONFLICT (slug) DO NOTHING;
INSERT INTO variants (id, product_id, sku, name, price, is_active) VALUES ('8d9046e5-544f-4a37-99ce-609023d41161', 'd97e9a43-bd36-4224-a75d-c95b85832bcb', 'SKU-27', 'Default Variant', 37.00, true) ON CONFLICT (sku) DO NOTHING;
INSERT INTO inventory (variant_id, quantity_on_hand, quantity_reserved) VALUES ('8d9046e5-544f-4a37-99ce-609023d41161', 127, 0) ON CONFLICT (variant_id) DO NOTHING;
INSERT INTO products (id, category_id, slug, name, description, short_description, brand, brand_id, status) VALUES ('fe7616e0-689b-4d9f-9289-67d1c386923b', 'd4a9078e-814a-4a8e-a716-1bb29aa40e6c', 'product-28', 'Awesome Product 28', 'This is the detailed description for Awesome Product 28.', 'Short description 28', 'BrandX', 'b77a7f9a-1111-4b8a-9b1b-1234567890ab', 'active') ON CONFLICT (slug) DO NOTHING;
INSERT INTO variants (id, product_id, sku, name, price, is_active) VALUES ('673c6890-d9f5-4b80-b475-215ec887fa0f', 'fe7616e0-689b-4d9f-9289-67d1c386923b', 'SKU-28', 'Default Variant', 38.00, true) ON CONFLICT (sku) DO NOTHING;
INSERT INTO inventory (variant_id, quantity_on_hand, quantity_reserved) VALUES ('673c6890-d9f5-4b80-b475-215ec887fa0f', 128, 0) ON CONFLICT (variant_id) DO NOTHING;
INSERT INTO products (id, category_id, slug, name, description, short_description, brand, brand_id, status) VALUES ('2fc586c6-a33e-4b31-a905-cff8a567a382', 'd4a9078e-814a-4a8e-a716-1bb29aa40e6c', 'product-29', 'Awesome Product 29', 'This is the detailed description for Awesome Product 29.', 'Short description 29', 'BrandX', 'b77a7f9a-1111-4b8a-9b1b-1234567890ab', 'active') ON CONFLICT (slug) DO NOTHING;
INSERT INTO variants (id, product_id, sku, name, price, is_active) VALUES ('79030d9d-31ea-4852-ae8f-2ec24fb03cc2', '2fc586c6-a33e-4b31-a905-cff8a567a382', 'SKU-29', 'Default Variant', 39.00, true) ON CONFLICT (sku) DO NOTHING;
INSERT INTO inventory (variant_id, quantity_on_hand, quantity_reserved) VALUES ('79030d9d-31ea-4852-ae8f-2ec24fb03cc2', 129, 0) ON CONFLICT (variant_id) DO NOTHING;
INSERT INTO products (id, category_id, slug, name, description, short_description, brand, brand_id, status) VALUES ('c31bb937-e0f3-4445-bf4d-3faac68595a9', 'd4a9078e-814a-4a8e-a716-1bb29aa40e6c', 'product-30', 'Awesome Product 30', 'This is the detailed description for Awesome Product 30.', 'Short description 30', 'BrandX', 'b77a7f9a-1111-4b8a-9b1b-1234567890ab', 'active') ON CONFLICT (slug) DO NOTHING;
INSERT INTO variants (id, product_id, sku, name, price, is_active) VALUES ('cff08da8-bba4-44dc-b77b-3255719efa2f', 'c31bb937-e0f3-4445-bf4d-3faac68595a9', 'SKU-30', 'Default Variant', 40.00, true) ON CONFLICT (sku) DO NOTHING;
INSERT INTO inventory (variant_id, quantity_on_hand, quantity_reserved) VALUES ('cff08da8-bba4-44dc-b77b-3255719efa2f', 130, 0) ON CONFLICT (variant_id) DO NOTHING;
INSERT INTO products (id, category_id, slug, name, description, short_description, brand, brand_id, status) VALUES ('08dac925-ce2a-4e90-8aa3-70164252fdea', 'd4a9078e-814a-4a8e-a716-1bb29aa40e6c', 'product-31', 'Awesome Product 31', 'This is the detailed description for Awesome Product 31.', 'Short description 31', 'BrandX', 'b77a7f9a-1111-4b8a-9b1b-1234567890ab', 'active') ON CONFLICT (slug) DO NOTHING;
INSERT INTO variants (id, product_id, sku, name, price, is_active) VALUES ('95d5ad91-08e8-48e8-9998-73c43763eab9', '08dac925-ce2a-4e90-8aa3-70164252fdea', 'SKU-31', 'Default Variant', 41.00, true) ON CONFLICT (sku) DO NOTHING;
INSERT INTO inventory (variant_id, quantity_on_hand, quantity_reserved) VALUES ('95d5ad91-08e8-48e8-9998-73c43763eab9', 131, 0) ON CONFLICT (variant_id) DO NOTHING;
INSERT INTO products (id, category_id, slug, name, description, short_description, brand, brand_id, status) VALUES ('14aeed9c-aaa2-481d-8311-f46746a23344', 'd4a9078e-814a-4a8e-a716-1bb29aa40e6c', 'product-32', 'Awesome Product 32', 'This is the detailed description for Awesome Product 32.', 'Short description 32', 'BrandX', 'b77a7f9a-1111-4b8a-9b1b-1234567890ab', 'active') ON CONFLICT (slug) DO NOTHING;
INSERT INTO variants (id, product_id, sku, name, price, is_active) VALUES ('04df3402-b191-44b7-b897-b941b870776b', '14aeed9c-aaa2-481d-8311-f46746a23344', 'SKU-32', 'Default Variant', 42.00, true) ON CONFLICT (sku) DO NOTHING;
INSERT INTO inventory (variant_id, quantity_on_hand, quantity_reserved) VALUES ('04df3402-b191-44b7-b897-b941b870776b', 132, 0) ON CONFLICT (variant_id) DO NOTHING;
INSERT INTO products (id, category_id, slug, name, description, short_description, brand, brand_id, status) VALUES ('ebd80bd6-6b15-4085-8f46-5a425b29529b', 'd4a9078e-814a-4a8e-a716-1bb29aa40e6c', 'product-33', 'Awesome Product 33', 'This is the detailed description for Awesome Product 33.', 'Short description 33', 'BrandX', 'b77a7f9a-1111-4b8a-9b1b-1234567890ab', 'active') ON CONFLICT (slug) DO NOTHING;
INSERT INTO variants (id, product_id, sku, name, price, is_active) VALUES ('d7f587d8-ec1c-4057-9142-49bd5fe525af', 'ebd80bd6-6b15-4085-8f46-5a425b29529b', 'SKU-33', 'Default Variant', 43.00, true) ON CONFLICT (sku) DO NOTHING;
INSERT INTO inventory (variant_id, quantity_on_hand, quantity_reserved) VALUES ('d7f587d8-ec1c-4057-9142-49bd5fe525af', 133, 0) ON CONFLICT (variant_id) DO NOTHING;
INSERT INTO products (id, category_id, slug, name, description, short_description, brand, brand_id, status) VALUES ('ae71fc84-a9d4-4b24-ab94-fa79113620f1', 'd4a9078e-814a-4a8e-a716-1bb29aa40e6c', 'product-34', 'Awesome Product 34', 'This is the detailed description for Awesome Product 34.', 'Short description 34', 'BrandX', 'b77a7f9a-1111-4b8a-9b1b-1234567890ab', 'active') ON CONFLICT (slug) DO NOTHING;
INSERT INTO variants (id, product_id, sku, name, price, is_active) VALUES ('f2608b88-3fde-4c37-a8ce-c6de972b9738', 'ae71fc84-a9d4-4b24-ab94-fa79113620f1', 'SKU-34', 'Default Variant', 44.00, true) ON CONFLICT (sku) DO NOTHING;
INSERT INTO inventory (variant_id, quantity_on_hand, quantity_reserved) VALUES ('f2608b88-3fde-4c37-a8ce-c6de972b9738', 134, 0) ON CONFLICT (variant_id) DO NOTHING;
INSERT INTO products (id, category_id, slug, name, description, short_description, brand, brand_id, status) VALUES ('c2672872-da3f-4543-a607-6f792ebffeb0', 'd4a9078e-814a-4a8e-a716-1bb29aa40e6c', 'product-35', 'Awesome Product 35', 'This is the detailed description for Awesome Product 35.', 'Short description 35', 'BrandX', 'b77a7f9a-1111-4b8a-9b1b-1234567890ab', 'active') ON CONFLICT (slug) DO NOTHING;
INSERT INTO variants (id, product_id, sku, name, price, is_active) VALUES ('72346d09-f22f-427f-9162-7eef6d07d473', 'c2672872-da3f-4543-a607-6f792ebffeb0', 'SKU-35', 'Default Variant', 45.00, true) ON CONFLICT (sku) DO NOTHING;
INSERT INTO inventory (variant_id, quantity_on_hand, quantity_reserved) VALUES ('72346d09-f22f-427f-9162-7eef6d07d473', 135, 0) ON CONFLICT (variant_id) DO NOTHING;
INSERT INTO products (id, category_id, slug, name, description, short_description, brand, brand_id, status) VALUES ('d1d1ae6f-1ceb-4a5d-8b86-4cbe4e3b4dbd', 'd4a9078e-814a-4a8e-a716-1bb29aa40e6c', 'product-36', 'Awesome Product 36', 'This is the detailed description for Awesome Product 36.', 'Short description 36', 'BrandX', 'b77a7f9a-1111-4b8a-9b1b-1234567890ab', 'active') ON CONFLICT (slug) DO NOTHING;
INSERT INTO variants (id, product_id, sku, name, price, is_active) VALUES ('678d3dd0-832c-440b-bd15-3ef2ff3b9511', 'd1d1ae6f-1ceb-4a5d-8b86-4cbe4e3b4dbd', 'SKU-36', 'Default Variant', 46.00, true) ON CONFLICT (sku) DO NOTHING;
INSERT INTO inventory (variant_id, quantity_on_hand, quantity_reserved) VALUES ('678d3dd0-832c-440b-bd15-3ef2ff3b9511', 136, 0) ON CONFLICT (variant_id) DO NOTHING;
INSERT INTO products (id, category_id, slug, name, description, short_description, brand, brand_id, status) VALUES ('ced5c18f-403a-400a-829e-b41cbff1c0d8', 'd4a9078e-814a-4a8e-a716-1bb29aa40e6c', 'product-37', 'Awesome Product 37', 'This is the detailed description for Awesome Product 37.', 'Short description 37', 'BrandX', 'b77a7f9a-1111-4b8a-9b1b-1234567890ab', 'active') ON CONFLICT (slug) DO NOTHING;
INSERT INTO variants (id, product_id, sku, name, price, is_active) VALUES ('331b2dd0-2abc-4877-bc2e-d2c7aa427d3f', 'ced5c18f-403a-400a-829e-b41cbff1c0d8', 'SKU-37', 'Default Variant', 47.00, true) ON CONFLICT (sku) DO NOTHING;
INSERT INTO inventory (variant_id, quantity_on_hand, quantity_reserved) VALUES ('331b2dd0-2abc-4877-bc2e-d2c7aa427d3f', 137, 0) ON CONFLICT (variant_id) DO NOTHING;
INSERT INTO products (id, category_id, slug, name, description, short_description, brand, brand_id, status) VALUES ('74f26ac4-47ad-4b85-ae5a-4860a94ac617', 'd4a9078e-814a-4a8e-a716-1bb29aa40e6c', 'product-38', 'Awesome Product 38', 'This is the detailed description for Awesome Product 38.', 'Short description 38', 'BrandX', 'b77a7f9a-1111-4b8a-9b1b-1234567890ab', 'active') ON CONFLICT (slug) DO NOTHING;
INSERT INTO variants (id, product_id, sku, name, price, is_active) VALUES ('1678d331-2f7a-4daf-896d-e9e8c3c7bd30', '74f26ac4-47ad-4b85-ae5a-4860a94ac617', 'SKU-38', 'Default Variant', 48.00, true) ON CONFLICT (sku) DO NOTHING;
INSERT INTO inventory (variant_id, quantity_on_hand, quantity_reserved) VALUES ('1678d331-2f7a-4daf-896d-e9e8c3c7bd30', 138, 0) ON CONFLICT (variant_id) DO NOTHING;
INSERT INTO products (id, category_id, slug, name, description, short_description, brand, brand_id, status) VALUES ('4a2f621a-05c5-447b-9224-4781b6eb5cd9', 'd4a9078e-814a-4a8e-a716-1bb29aa40e6c', 'product-39', 'Awesome Product 39', 'This is the detailed description for Awesome Product 39.', 'Short description 39', 'BrandX', 'b77a7f9a-1111-4b8a-9b1b-1234567890ab', 'active') ON CONFLICT (slug) DO NOTHING;
INSERT INTO variants (id, product_id, sku, name, price, is_active) VALUES ('3adba7e3-6ac7-426c-afde-1f0bb47ce543', '4a2f621a-05c5-447b-9224-4781b6eb5cd9', 'SKU-39', 'Default Variant', 49.00, true) ON CONFLICT (sku) DO NOTHING;
INSERT INTO inventory (variant_id, quantity_on_hand, quantity_reserved) VALUES ('3adba7e3-6ac7-426c-afde-1f0bb47ce543', 139, 0) ON CONFLICT (variant_id) DO NOTHING;
INSERT INTO products (id, category_id, slug, name, description, short_description, brand, brand_id, status) VALUES ('96717f2d-cdff-4d02-813c-16c84a4b06f5', 'd4a9078e-814a-4a8e-a716-1bb29aa40e6c', 'product-40', 'Awesome Product 40', 'This is the detailed description for Awesome Product 40.', 'Short description 40', 'BrandX', 'b77a7f9a-1111-4b8a-9b1b-1234567890ab', 'active') ON CONFLICT (slug) DO NOTHING;
INSERT INTO variants (id, product_id, sku, name, price, is_active) VALUES ('6d053642-7dcd-49db-ac1e-aefcd55d122c', '96717f2d-cdff-4d02-813c-16c84a4b06f5', 'SKU-40', 'Default Variant', 50.00, true) ON CONFLICT (sku) DO NOTHING;
INSERT INTO inventory (variant_id, quantity_on_hand, quantity_reserved) VALUES ('6d053642-7dcd-49db-ac1e-aefcd55d122c', 140, 0) ON CONFLICT (variant_id) DO NOTHING;
INSERT INTO products (id, category_id, slug, name, description, short_description, brand, brand_id, status) VALUES ('a0d87288-eee9-45a5-b9a5-064fb23daf1b', 'd4a9078e-814a-4a8e-a716-1bb29aa40e6c', 'product-41', 'Awesome Product 41', 'This is the detailed description for Awesome Product 41.', 'Short description 41', 'BrandX', 'b77a7f9a-1111-4b8a-9b1b-1234567890ab', 'active') ON CONFLICT (slug) DO NOTHING;
INSERT INTO variants (id, product_id, sku, name, price, is_active) VALUES ('c440ca33-a5ac-4736-b9d8-0ca6d11a83c0', 'a0d87288-eee9-45a5-b9a5-064fb23daf1b', 'SKU-41', 'Default Variant', 51.00, true) ON CONFLICT (sku) DO NOTHING;
INSERT INTO inventory (variant_id, quantity_on_hand, quantity_reserved) VALUES ('c440ca33-a5ac-4736-b9d8-0ca6d11a83c0', 141, 0) ON CONFLICT (variant_id) DO NOTHING;
INSERT INTO products (id, category_id, slug, name, description, short_description, brand, brand_id, status) VALUES ('600b45fb-1b1c-4428-9585-768cd93ff805', 'd4a9078e-814a-4a8e-a716-1bb29aa40e6c', 'product-42', 'Awesome Product 42', 'This is the detailed description for Awesome Product 42.', 'Short description 42', 'BrandX', 'b77a7f9a-1111-4b8a-9b1b-1234567890ab', 'active') ON CONFLICT (slug) DO NOTHING;
INSERT INTO variants (id, product_id, sku, name, price, is_active) VALUES ('6f009c2e-2e74-43ec-ad03-ea6b38d6be7c', '600b45fb-1b1c-4428-9585-768cd93ff805', 'SKU-42', 'Default Variant', 52.00, true) ON CONFLICT (sku) DO NOTHING;
INSERT INTO inventory (variant_id, quantity_on_hand, quantity_reserved) VALUES ('6f009c2e-2e74-43ec-ad03-ea6b38d6be7c', 142, 0) ON CONFLICT (variant_id) DO NOTHING;
INSERT INTO products (id, category_id, slug, name, description, short_description, brand, brand_id, status) VALUES ('2f9469e7-2d42-42aa-9f71-3513401847f0', 'd4a9078e-814a-4a8e-a716-1bb29aa40e6c', 'product-43', 'Awesome Product 43', 'This is the detailed description for Awesome Product 43.', 'Short description 43', 'BrandX', 'b77a7f9a-1111-4b8a-9b1b-1234567890ab', 'active') ON CONFLICT (slug) DO NOTHING;
INSERT INTO variants (id, product_id, sku, name, price, is_active) VALUES ('ffd3fac2-bb4f-4ecb-b516-6845b5cd35dc', '2f9469e7-2d42-42aa-9f71-3513401847f0', 'SKU-43', 'Default Variant', 53.00, true) ON CONFLICT (sku) DO NOTHING;
INSERT INTO inventory (variant_id, quantity_on_hand, quantity_reserved) VALUES ('ffd3fac2-bb4f-4ecb-b516-6845b5cd35dc', 143, 0) ON CONFLICT (variant_id) DO NOTHING;
INSERT INTO products (id, category_id, slug, name, description, short_description, brand, brand_id, status) VALUES ('0e2b124d-3922-4d0b-a059-24ed39dafd31', 'd4a9078e-814a-4a8e-a716-1bb29aa40e6c', 'product-44', 'Awesome Product 44', 'This is the detailed description for Awesome Product 44.', 'Short description 44', 'BrandX', 'b77a7f9a-1111-4b8a-9b1b-1234567890ab', 'active') ON CONFLICT (slug) DO NOTHING;
INSERT INTO variants (id, product_id, sku, name, price, is_active) VALUES ('6048ae7a-6189-473d-85eb-5b529bc20a04', '0e2b124d-3922-4d0b-a059-24ed39dafd31', 'SKU-44', 'Default Variant', 54.00, true) ON CONFLICT (sku) DO NOTHING;
INSERT INTO inventory (variant_id, quantity_on_hand, quantity_reserved) VALUES ('6048ae7a-6189-473d-85eb-5b529bc20a04', 144, 0) ON CONFLICT (variant_id) DO NOTHING;
INSERT INTO products (id, category_id, slug, name, description, short_description, brand, brand_id, status) VALUES ('e70b99ef-47be-41fe-bcd3-0f32fbdf6dfe', 'd4a9078e-814a-4a8e-a716-1bb29aa40e6c', 'product-45', 'Awesome Product 45', 'This is the detailed description for Awesome Product 45.', 'Short description 45', 'BrandX', 'b77a7f9a-1111-4b8a-9b1b-1234567890ab', 'active') ON CONFLICT (slug) DO NOTHING;
INSERT INTO variants (id, product_id, sku, name, price, is_active) VALUES ('258800cd-d29b-457c-a74e-4daca5f93428', 'e70b99ef-47be-41fe-bcd3-0f32fbdf6dfe', 'SKU-45', 'Default Variant', 55.00, true) ON CONFLICT (sku) DO NOTHING;
INSERT INTO inventory (variant_id, quantity_on_hand, quantity_reserved) VALUES ('258800cd-d29b-457c-a74e-4daca5f93428', 145, 0) ON CONFLICT (variant_id) DO NOTHING;
INSERT INTO products (id, category_id, slug, name, description, short_description, brand, brand_id, status) VALUES ('c65c70db-aba3-4d60-89d9-80417e9abc27', 'd4a9078e-814a-4a8e-a716-1bb29aa40e6c', 'product-46', 'Awesome Product 46', 'This is the detailed description for Awesome Product 46.', 'Short description 46', 'BrandX', 'b77a7f9a-1111-4b8a-9b1b-1234567890ab', 'active') ON CONFLICT (slug) DO NOTHING;
INSERT INTO variants (id, product_id, sku, name, price, is_active) VALUES ('3484e4a0-bf95-4854-8d7c-4b116151e1d4', 'c65c70db-aba3-4d60-89d9-80417e9abc27', 'SKU-46', 'Default Variant', 56.00, true) ON CONFLICT (sku) DO NOTHING;
INSERT INTO inventory (variant_id, quantity_on_hand, quantity_reserved) VALUES ('3484e4a0-bf95-4854-8d7c-4b116151e1d4', 146, 0) ON CONFLICT (variant_id) DO NOTHING;
INSERT INTO products (id, category_id, slug, name, description, short_description, brand, brand_id, status) VALUES ('0ea86579-8c37-480f-aab7-8ab3ff11e1a5', 'd4a9078e-814a-4a8e-a716-1bb29aa40e6c', 'product-47', 'Awesome Product 47', 'This is the detailed description for Awesome Product 47.', 'Short description 47', 'BrandX', 'b77a7f9a-1111-4b8a-9b1b-1234567890ab', 'active') ON CONFLICT (slug) DO NOTHING;
INSERT INTO variants (id, product_id, sku, name, price, is_active) VALUES ('8b918de0-052e-4ede-a834-ecb6a20df483', '0ea86579-8c37-480f-aab7-8ab3ff11e1a5', 'SKU-47', 'Default Variant', 57.00, true) ON CONFLICT (sku) DO NOTHING;
INSERT INTO inventory (variant_id, quantity_on_hand, quantity_reserved) VALUES ('8b918de0-052e-4ede-a834-ecb6a20df483', 147, 0) ON CONFLICT (variant_id) DO NOTHING;
INSERT INTO products (id, category_id, slug, name, description, short_description, brand, brand_id, status) VALUES ('fb1aff0b-056e-4ce2-8375-56873e69e4fe', 'd4a9078e-814a-4a8e-a716-1bb29aa40e6c', 'product-48', 'Awesome Product 48', 'This is the detailed description for Awesome Product 48.', 'Short description 48', 'BrandX', 'b77a7f9a-1111-4b8a-9b1b-1234567890ab', 'active') ON CONFLICT (slug) DO NOTHING;
INSERT INTO variants (id, product_id, sku, name, price, is_active) VALUES ('5423873e-9a89-4c98-8be5-28b01930910b', 'fb1aff0b-056e-4ce2-8375-56873e69e4fe', 'SKU-48', 'Default Variant', 58.00, true) ON CONFLICT (sku) DO NOTHING;
INSERT INTO inventory (variant_id, quantity_on_hand, quantity_reserved) VALUES ('5423873e-9a89-4c98-8be5-28b01930910b', 148, 0) ON CONFLICT (variant_id) DO NOTHING;
INSERT INTO products (id, category_id, slug, name, description, short_description, brand, brand_id, status) VALUES ('a6e65fa2-8d9e-4229-9433-888a7145037a', 'd4a9078e-814a-4a8e-a716-1bb29aa40e6c', 'product-49', 'Awesome Product 49', 'This is the detailed description for Awesome Product 49.', 'Short description 49', 'BrandX', 'b77a7f9a-1111-4b8a-9b1b-1234567890ab', 'active') ON CONFLICT (slug) DO NOTHING;
INSERT INTO variants (id, product_id, sku, name, price, is_active) VALUES ('57e4de34-584e-40c3-85e3-457eefb6f260', 'a6e65fa2-8d9e-4229-9433-888a7145037a', 'SKU-49', 'Default Variant', 59.00, true) ON CONFLICT (sku) DO NOTHING;
INSERT INTO inventory (variant_id, quantity_on_hand, quantity_reserved) VALUES ('57e4de34-584e-40c3-85e3-457eefb6f260', 149, 0) ON CONFLICT (variant_id) DO NOTHING;
INSERT INTO products (id, category_id, slug, name, description, short_description, brand, brand_id, status) VALUES ('5747ce92-826e-4ac9-8440-59a9de85e12b', 'd4a9078e-814a-4a8e-a716-1bb29aa40e6c', 'product-50', 'Awesome Product 50', 'This is the detailed description for Awesome Product 50.', 'Short description 50', 'BrandX', 'b77a7f9a-1111-4b8a-9b1b-1234567890ab', 'active') ON CONFLICT (slug) DO NOTHING;
INSERT INTO variants (id, product_id, sku, name, price, is_active) VALUES ('1b3cd80e-e7cb-4687-9333-e5cd41c0593d', '5747ce92-826e-4ac9-8440-59a9de85e12b', 'SKU-50', 'Default Variant', 10.00, true) ON CONFLICT (sku) DO NOTHING;
INSERT INTO inventory (variant_id, quantity_on_hand, quantity_reserved) VALUES ('1b3cd80e-e7cb-4687-9333-e5cd41c0593d', 100, 0) ON CONFLICT (variant_id) DO NOTHING;
INSERT INTO products (id, category_id, slug, name, description, short_description, brand, brand_id, status) VALUES ('362ddfe6-d3de-49ca-b218-68bd256c00c8', 'd4a9078e-814a-4a8e-a716-1bb29aa40e6c', 'product-51', 'Awesome Product 51', 'This is the detailed description for Awesome Product 51.', 'Short description 51', 'BrandX', 'b77a7f9a-1111-4b8a-9b1b-1234567890ab', 'active') ON CONFLICT (slug) DO NOTHING;
INSERT INTO variants (id, product_id, sku, name, price, is_active) VALUES ('42c08ce3-08f4-4fde-ae91-8c1527218ef4', '362ddfe6-d3de-49ca-b218-68bd256c00c8', 'SKU-51', 'Default Variant', 11.00, true) ON CONFLICT (sku) DO NOTHING;
INSERT INTO inventory (variant_id, quantity_on_hand, quantity_reserved) VALUES ('42c08ce3-08f4-4fde-ae91-8c1527218ef4', 101, 0) ON CONFLICT (variant_id) DO NOTHING;
INSERT INTO products (id, category_id, slug, name, description, short_description, brand, brand_id, status) VALUES ('ddd70340-1a8f-4f41-9a50-f0a66284d5cb', 'd4a9078e-814a-4a8e-a716-1bb29aa40e6c', 'product-52', 'Awesome Product 52', 'This is the detailed description for Awesome Product 52.', 'Short description 52', 'BrandX', 'b77a7f9a-1111-4b8a-9b1b-1234567890ab', 'active') ON CONFLICT (slug) DO NOTHING;
INSERT INTO variants (id, product_id, sku, name, price, is_active) VALUES ('2a37aeac-6223-4cbb-9a85-233ca315641a', 'ddd70340-1a8f-4f41-9a50-f0a66284d5cb', 'SKU-52', 'Default Variant', 12.00, true) ON CONFLICT (sku) DO NOTHING;
INSERT INTO inventory (variant_id, quantity_on_hand, quantity_reserved) VALUES ('2a37aeac-6223-4cbb-9a85-233ca315641a', 102, 0) ON CONFLICT (variant_id) DO NOTHING;
INSERT INTO products (id, category_id, slug, name, description, short_description, brand, brand_id, status) VALUES ('db050a47-fba2-4b0e-9698-5a476e7c668f', 'd4a9078e-814a-4a8e-a716-1bb29aa40e6c', 'product-53', 'Awesome Product 53', 'This is the detailed description for Awesome Product 53.', 'Short description 53', 'BrandX', 'b77a7f9a-1111-4b8a-9b1b-1234567890ab', 'active') ON CONFLICT (slug) DO NOTHING;
INSERT INTO variants (id, product_id, sku, name, price, is_active) VALUES ('aff7255c-8ba5-4bd5-882d-698a4395b13c', 'db050a47-fba2-4b0e-9698-5a476e7c668f', 'SKU-53', 'Default Variant', 13.00, true) ON CONFLICT (sku) DO NOTHING;
INSERT INTO inventory (variant_id, quantity_on_hand, quantity_reserved) VALUES ('aff7255c-8ba5-4bd5-882d-698a4395b13c', 103, 0) ON CONFLICT (variant_id) DO NOTHING;
INSERT INTO products (id, category_id, slug, name, description, short_description, brand, brand_id, status) VALUES ('630a1153-a777-4815-9b35-99129307a6a2', 'd4a9078e-814a-4a8e-a716-1bb29aa40e6c', 'product-54', 'Awesome Product 54', 'This is the detailed description for Awesome Product 54.', 'Short description 54', 'BrandX', 'b77a7f9a-1111-4b8a-9b1b-1234567890ab', 'active') ON CONFLICT (slug) DO NOTHING;
INSERT INTO variants (id, product_id, sku, name, price, is_active) VALUES ('64720692-1ec2-4ec7-a6f1-e4f515e26cb5', '630a1153-a777-4815-9b35-99129307a6a2', 'SKU-54', 'Default Variant', 14.00, true) ON CONFLICT (sku) DO NOTHING;
INSERT INTO inventory (variant_id, quantity_on_hand, quantity_reserved) VALUES ('64720692-1ec2-4ec7-a6f1-e4f515e26cb5', 104, 0) ON CONFLICT (variant_id) DO NOTHING;
INSERT INTO products (id, category_id, slug, name, description, short_description, brand, brand_id, status) VALUES ('97eb89de-13bd-43af-819c-bebe53efb737', 'd4a9078e-814a-4a8e-a716-1bb29aa40e6c', 'product-55', 'Awesome Product 55', 'This is the detailed description for Awesome Product 55.', 'Short description 55', 'BrandX', 'b77a7f9a-1111-4b8a-9b1b-1234567890ab', 'active') ON CONFLICT (slug) DO NOTHING;
INSERT INTO variants (id, product_id, sku, name, price, is_active) VALUES ('44c4ec32-9ca9-4b8f-8a11-c9d1fa4e7ed1', '97eb89de-13bd-43af-819c-bebe53efb737', 'SKU-55', 'Default Variant', 15.00, true) ON CONFLICT (sku) DO NOTHING;
INSERT INTO inventory (variant_id, quantity_on_hand, quantity_reserved) VALUES ('44c4ec32-9ca9-4b8f-8a11-c9d1fa4e7ed1', 105, 0) ON CONFLICT (variant_id) DO NOTHING;
INSERT INTO products (id, category_id, slug, name, description, short_description, brand, brand_id, status) VALUES ('a88581fc-fd1d-4e60-9693-71722b2ac461', 'd4a9078e-814a-4a8e-a716-1bb29aa40e6c', 'product-56', 'Awesome Product 56', 'This is the detailed description for Awesome Product 56.', 'Short description 56', 'BrandX', 'b77a7f9a-1111-4b8a-9b1b-1234567890ab', 'active') ON CONFLICT (slug) DO NOTHING;
INSERT INTO variants (id, product_id, sku, name, price, is_active) VALUES ('78bf9701-cfea-4bfb-af70-a645c0f50da2', 'a88581fc-fd1d-4e60-9693-71722b2ac461', 'SKU-56', 'Default Variant', 16.00, true) ON CONFLICT (sku) DO NOTHING;
INSERT INTO inventory (variant_id, quantity_on_hand, quantity_reserved) VALUES ('78bf9701-cfea-4bfb-af70-a645c0f50da2', 106, 0) ON CONFLICT (variant_id) DO NOTHING;
INSERT INTO products (id, category_id, slug, name, description, short_description, brand, brand_id, status) VALUES ('c8d291f5-3879-4b3d-bbff-1b5f8921c048', 'd4a9078e-814a-4a8e-a716-1bb29aa40e6c', 'product-57', 'Awesome Product 57', 'This is the detailed description for Awesome Product 57.', 'Short description 57', 'BrandX', 'b77a7f9a-1111-4b8a-9b1b-1234567890ab', 'active') ON CONFLICT (slug) DO NOTHING;
INSERT INTO variants (id, product_id, sku, name, price, is_active) VALUES ('c238700c-85d7-42e4-b6dc-3950555d0624', 'c8d291f5-3879-4b3d-bbff-1b5f8921c048', 'SKU-57', 'Default Variant', 17.00, true) ON CONFLICT (sku) DO NOTHING;
INSERT INTO inventory (variant_id, quantity_on_hand, quantity_reserved) VALUES ('c238700c-85d7-42e4-b6dc-3950555d0624', 107, 0) ON CONFLICT (variant_id) DO NOTHING;
INSERT INTO products (id, category_id, slug, name, description, short_description, brand, brand_id, status) VALUES ('90149efe-ff9f-4495-b043-ab19441786a6', 'd4a9078e-814a-4a8e-a716-1bb29aa40e6c', 'product-58', 'Awesome Product 58', 'This is the detailed description for Awesome Product 58.', 'Short description 58', 'BrandX', 'b77a7f9a-1111-4b8a-9b1b-1234567890ab', 'active') ON CONFLICT (slug) DO NOTHING;
INSERT INTO variants (id, product_id, sku, name, price, is_active) VALUES ('b3ec0ddc-eccf-47be-b3ec-04dc40b98017', '90149efe-ff9f-4495-b043-ab19441786a6', 'SKU-58', 'Default Variant', 18.00, true) ON CONFLICT (sku) DO NOTHING;
INSERT INTO inventory (variant_id, quantity_on_hand, quantity_reserved) VALUES ('b3ec0ddc-eccf-47be-b3ec-04dc40b98017', 108, 0) ON CONFLICT (variant_id) DO NOTHING;
INSERT INTO products (id, category_id, slug, name, description, short_description, brand, brand_id, status) VALUES ('7dd0135a-65e0-48ce-b255-b501d15df9be', 'd4a9078e-814a-4a8e-a716-1bb29aa40e6c', 'product-59', 'Awesome Product 59', 'This is the detailed description for Awesome Product 59.', 'Short description 59', 'BrandX', 'b77a7f9a-1111-4b8a-9b1b-1234567890ab', 'active') ON CONFLICT (slug) DO NOTHING;
INSERT INTO variants (id, product_id, sku, name, price, is_active) VALUES ('1dbc0357-32c7-4191-9ea9-85276910685e', '7dd0135a-65e0-48ce-b255-b501d15df9be', 'SKU-59', 'Default Variant', 19.00, true) ON CONFLICT (sku) DO NOTHING;
INSERT INTO inventory (variant_id, quantity_on_hand, quantity_reserved) VALUES ('1dbc0357-32c7-4191-9ea9-85276910685e', 109, 0) ON CONFLICT (variant_id) DO NOTHING;
INSERT INTO products (id, category_id, slug, name, description, short_description, brand, brand_id, status) VALUES ('3e09d6a1-0273-4e41-8d22-6ecbaf4b3c9d', 'd4a9078e-814a-4a8e-a716-1bb29aa40e6c', 'product-60', 'Awesome Product 60', 'This is the detailed description for Awesome Product 60.', 'Short description 60', 'BrandX', 'b77a7f9a-1111-4b8a-9b1b-1234567890ab', 'active') ON CONFLICT (slug) DO NOTHING;
INSERT INTO variants (id, product_id, sku, name, price, is_active) VALUES ('7b416a65-8f57-454f-8870-ce4571c3b02c', '3e09d6a1-0273-4e41-8d22-6ecbaf4b3c9d', 'SKU-60', 'Default Variant', 20.00, true) ON CONFLICT (sku) DO NOTHING;
INSERT INTO inventory (variant_id, quantity_on_hand, quantity_reserved) VALUES ('7b416a65-8f57-454f-8870-ce4571c3b02c', 110, 0) ON CONFLICT (variant_id) DO NOTHING;
INSERT INTO products (id, category_id, slug, name, description, short_description, brand, brand_id, status) VALUES ('c0b8f890-a914-4ed0-81c7-f244474811da', 'd4a9078e-814a-4a8e-a716-1bb29aa40e6c', 'product-61', 'Awesome Product 61', 'This is the detailed description for Awesome Product 61.', 'Short description 61', 'BrandX', 'b77a7f9a-1111-4b8a-9b1b-1234567890ab', 'active') ON CONFLICT (slug) DO NOTHING;
INSERT INTO variants (id, product_id, sku, name, price, is_active) VALUES ('97391f93-e17e-42a9-96d3-06fbb6ab397d', 'c0b8f890-a914-4ed0-81c7-f244474811da', 'SKU-61', 'Default Variant', 21.00, true) ON CONFLICT (sku) DO NOTHING;
INSERT INTO inventory (variant_id, quantity_on_hand, quantity_reserved) VALUES ('97391f93-e17e-42a9-96d3-06fbb6ab397d', 111, 0) ON CONFLICT (variant_id) DO NOTHING;
INSERT INTO products (id, category_id, slug, name, description, short_description, brand, brand_id, status) VALUES ('80d87b5e-d8bd-4048-a769-64d69de5790c', 'd4a9078e-814a-4a8e-a716-1bb29aa40e6c', 'product-62', 'Awesome Product 62', 'This is the detailed description for Awesome Product 62.', 'Short description 62', 'BrandX', 'b77a7f9a-1111-4b8a-9b1b-1234567890ab', 'active') ON CONFLICT (slug) DO NOTHING;
INSERT INTO variants (id, product_id, sku, name, price, is_active) VALUES ('e56a6b95-4755-4f6f-ac75-a0b640ef4be2', '80d87b5e-d8bd-4048-a769-64d69de5790c', 'SKU-62', 'Default Variant', 22.00, true) ON CONFLICT (sku) DO NOTHING;
INSERT INTO inventory (variant_id, quantity_on_hand, quantity_reserved) VALUES ('e56a6b95-4755-4f6f-ac75-a0b640ef4be2', 112, 0) ON CONFLICT (variant_id) DO NOTHING;
INSERT INTO products (id, category_id, slug, name, description, short_description, brand, brand_id, status) VALUES ('e8645628-b71e-44eb-a6b9-3dca20a73c74', 'd4a9078e-814a-4a8e-a716-1bb29aa40e6c', 'product-63', 'Awesome Product 63', 'This is the detailed description for Awesome Product 63.', 'Short description 63', 'BrandX', 'b77a7f9a-1111-4b8a-9b1b-1234567890ab', 'active') ON CONFLICT (slug) DO NOTHING;
INSERT INTO variants (id, product_id, sku, name, price, is_active) VALUES ('6d5bf3b0-1587-4140-913a-7371243715f5', 'e8645628-b71e-44eb-a6b9-3dca20a73c74', 'SKU-63', 'Default Variant', 23.00, true) ON CONFLICT (sku) DO NOTHING;
INSERT INTO inventory (variant_id, quantity_on_hand, quantity_reserved) VALUES ('6d5bf3b0-1587-4140-913a-7371243715f5', 113, 0) ON CONFLICT (variant_id) DO NOTHING;
INSERT INTO products (id, category_id, slug, name, description, short_description, brand, brand_id, status) VALUES ('646dd163-3dac-4870-8f50-74d2611b9ff5', 'd4a9078e-814a-4a8e-a716-1bb29aa40e6c', 'product-64', 'Awesome Product 64', 'This is the detailed description for Awesome Product 64.', 'Short description 64', 'BrandX', 'b77a7f9a-1111-4b8a-9b1b-1234567890ab', 'active') ON CONFLICT (slug) DO NOTHING;
INSERT INTO variants (id, product_id, sku, name, price, is_active) VALUES ('434e47a9-5591-408d-8f78-1a58474e9ee1', '646dd163-3dac-4870-8f50-74d2611b9ff5', 'SKU-64', 'Default Variant', 24.00, true) ON CONFLICT (sku) DO NOTHING;
INSERT INTO inventory (variant_id, quantity_on_hand, quantity_reserved) VALUES ('434e47a9-5591-408d-8f78-1a58474e9ee1', 114, 0) ON CONFLICT (variant_id) DO NOTHING;
INSERT INTO products (id, category_id, slug, name, description, short_description, brand, brand_id, status) VALUES ('b10dc234-5473-4c9f-9e64-bf30edb1738d', 'd4a9078e-814a-4a8e-a716-1bb29aa40e6c', 'product-65', 'Awesome Product 65', 'This is the detailed description for Awesome Product 65.', 'Short description 65', 'BrandX', 'b77a7f9a-1111-4b8a-9b1b-1234567890ab', 'active') ON CONFLICT (slug) DO NOTHING;
INSERT INTO variants (id, product_id, sku, name, price, is_active) VALUES ('4e407a48-c826-4c2f-9440-89206e63e7f9', 'b10dc234-5473-4c9f-9e64-bf30edb1738d', 'SKU-65', 'Default Variant', 25.00, true) ON CONFLICT (sku) DO NOTHING;
INSERT INTO inventory (variant_id, quantity_on_hand, quantity_reserved) VALUES ('4e407a48-c826-4c2f-9440-89206e63e7f9', 115, 0) ON CONFLICT (variant_id) DO NOTHING;
INSERT INTO products (id, category_id, slug, name, description, short_description, brand, brand_id, status) VALUES ('637f770c-60ad-4c09-aa71-cf2eb17d62c3', 'd4a9078e-814a-4a8e-a716-1bb29aa40e6c', 'product-66', 'Awesome Product 66', 'This is the detailed description for Awesome Product 66.', 'Short description 66', 'BrandX', 'b77a7f9a-1111-4b8a-9b1b-1234567890ab', 'active') ON CONFLICT (slug) DO NOTHING;
INSERT INTO variants (id, product_id, sku, name, price, is_active) VALUES ('07907b82-45bf-498e-a4ba-db01fa10d6ae', '637f770c-60ad-4c09-aa71-cf2eb17d62c3', 'SKU-66', 'Default Variant', 26.00, true) ON CONFLICT (sku) DO NOTHING;
INSERT INTO inventory (variant_id, quantity_on_hand, quantity_reserved) VALUES ('07907b82-45bf-498e-a4ba-db01fa10d6ae', 116, 0) ON CONFLICT (variant_id) DO NOTHING;
INSERT INTO products (id, category_id, slug, name, description, short_description, brand, brand_id, status) VALUES ('d9a1cc03-113d-4019-8819-fdde512bd03e', 'd4a9078e-814a-4a8e-a716-1bb29aa40e6c', 'product-67', 'Awesome Product 67', 'This is the detailed description for Awesome Product 67.', 'Short description 67', 'BrandX', 'b77a7f9a-1111-4b8a-9b1b-1234567890ab', 'active') ON CONFLICT (slug) DO NOTHING;
INSERT INTO variants (id, product_id, sku, name, price, is_active) VALUES ('e2e4e80d-134f-448b-8fb5-380d6e53d54e', 'd9a1cc03-113d-4019-8819-fdde512bd03e', 'SKU-67', 'Default Variant', 27.00, true) ON CONFLICT (sku) DO NOTHING;
INSERT INTO inventory (variant_id, quantity_on_hand, quantity_reserved) VALUES ('e2e4e80d-134f-448b-8fb5-380d6e53d54e', 117, 0) ON CONFLICT (variant_id) DO NOTHING;
INSERT INTO products (id, category_id, slug, name, description, short_description, brand, brand_id, status) VALUES ('55bb112a-c98b-40cb-94d7-285a91576a72', 'd4a9078e-814a-4a8e-a716-1bb29aa40e6c', 'product-68', 'Awesome Product 68', 'This is the detailed description for Awesome Product 68.', 'Short description 68', 'BrandX', 'b77a7f9a-1111-4b8a-9b1b-1234567890ab', 'active') ON CONFLICT (slug) DO NOTHING;
INSERT INTO variants (id, product_id, sku, name, price, is_active) VALUES ('a63bccfd-98ec-45d8-8bb5-bd86617b512b', '55bb112a-c98b-40cb-94d7-285a91576a72', 'SKU-68', 'Default Variant', 28.00, true) ON CONFLICT (sku) DO NOTHING;
INSERT INTO inventory (variant_id, quantity_on_hand, quantity_reserved) VALUES ('a63bccfd-98ec-45d8-8bb5-bd86617b512b', 118, 0) ON CONFLICT (variant_id) DO NOTHING;
INSERT INTO products (id, category_id, slug, name, description, short_description, brand, brand_id, status) VALUES ('e1e85abf-d0cd-4024-9449-8240fc50c17f', 'd4a9078e-814a-4a8e-a716-1bb29aa40e6c', 'product-69', 'Awesome Product 69', 'This is the detailed description for Awesome Product 69.', 'Short description 69', 'BrandX', 'b77a7f9a-1111-4b8a-9b1b-1234567890ab', 'active') ON CONFLICT (slug) DO NOTHING;
INSERT INTO variants (id, product_id, sku, name, price, is_active) VALUES ('00a3e68a-6ef9-4412-bde7-565d560e3e84', 'e1e85abf-d0cd-4024-9449-8240fc50c17f', 'SKU-69', 'Default Variant', 29.00, true) ON CONFLICT (sku) DO NOTHING;
INSERT INTO inventory (variant_id, quantity_on_hand, quantity_reserved) VALUES ('00a3e68a-6ef9-4412-bde7-565d560e3e84', 119, 0) ON CONFLICT (variant_id) DO NOTHING;
INSERT INTO products (id, category_id, slug, name, description, short_description, brand, brand_id, status) VALUES ('8bf12935-38c6-49c1-a852-c30d0431064a', 'd4a9078e-814a-4a8e-a716-1bb29aa40e6c', 'product-70', 'Awesome Product 70', 'This is the detailed description for Awesome Product 70.', 'Short description 70', 'BrandX', 'b77a7f9a-1111-4b8a-9b1b-1234567890ab', 'active') ON CONFLICT (slug) DO NOTHING;
INSERT INTO variants (id, product_id, sku, name, price, is_active) VALUES ('252c0aa1-28b3-4d62-92ed-274ecdb5df7a', '8bf12935-38c6-49c1-a852-c30d0431064a', 'SKU-70', 'Default Variant', 30.00, true) ON CONFLICT (sku) DO NOTHING;
INSERT INTO inventory (variant_id, quantity_on_hand, quantity_reserved) VALUES ('252c0aa1-28b3-4d62-92ed-274ecdb5df7a', 120, 0) ON CONFLICT (variant_id) DO NOTHING;
INSERT INTO products (id, category_id, slug, name, description, short_description, brand, brand_id, status) VALUES ('b2add2c9-2f65-4435-b119-2d3ef3074067', 'd4a9078e-814a-4a8e-a716-1bb29aa40e6c', 'product-71', 'Awesome Product 71', 'This is the detailed description for Awesome Product 71.', 'Short description 71', 'BrandX', 'b77a7f9a-1111-4b8a-9b1b-1234567890ab', 'active') ON CONFLICT (slug) DO NOTHING;
INSERT INTO variants (id, product_id, sku, name, price, is_active) VALUES ('6b4120e3-60e1-4170-afd7-66e3b1fd2767', 'b2add2c9-2f65-4435-b119-2d3ef3074067', 'SKU-71', 'Default Variant', 31.00, true) ON CONFLICT (sku) DO NOTHING;
INSERT INTO inventory (variant_id, quantity_on_hand, quantity_reserved) VALUES ('6b4120e3-60e1-4170-afd7-66e3b1fd2767', 121, 0) ON CONFLICT (variant_id) DO NOTHING;
INSERT INTO products (id, category_id, slug, name, description, short_description, brand, brand_id, status) VALUES ('1b895e0c-e33a-4af3-8b98-64e583d1b74d', 'd4a9078e-814a-4a8e-a716-1bb29aa40e6c', 'product-72', 'Awesome Product 72', 'This is the detailed description for Awesome Product 72.', 'Short description 72', 'BrandX', 'b77a7f9a-1111-4b8a-9b1b-1234567890ab', 'active') ON CONFLICT (slug) DO NOTHING;
INSERT INTO variants (id, product_id, sku, name, price, is_active) VALUES ('e36b969a-d920-4671-bbb5-ab4a8bc6b9e8', '1b895e0c-e33a-4af3-8b98-64e583d1b74d', 'SKU-72', 'Default Variant', 32.00, true) ON CONFLICT (sku) DO NOTHING;
INSERT INTO inventory (variant_id, quantity_on_hand, quantity_reserved) VALUES ('e36b969a-d920-4671-bbb5-ab4a8bc6b9e8', 122, 0) ON CONFLICT (variant_id) DO NOTHING;
INSERT INTO products (id, category_id, slug, name, description, short_description, brand, brand_id, status) VALUES ('0f8091ac-a7ab-43dc-92dd-0d21b6427b22', 'd4a9078e-814a-4a8e-a716-1bb29aa40e6c', 'product-73', 'Awesome Product 73', 'This is the detailed description for Awesome Product 73.', 'Short description 73', 'BrandX', 'b77a7f9a-1111-4b8a-9b1b-1234567890ab', 'active') ON CONFLICT (slug) DO NOTHING;
INSERT INTO variants (id, product_id, sku, name, price, is_active) VALUES ('7f7e62a1-ffd3-45c0-9d6b-252764567677', '0f8091ac-a7ab-43dc-92dd-0d21b6427b22', 'SKU-73', 'Default Variant', 33.00, true) ON CONFLICT (sku) DO NOTHING;
INSERT INTO inventory (variant_id, quantity_on_hand, quantity_reserved) VALUES ('7f7e62a1-ffd3-45c0-9d6b-252764567677', 123, 0) ON CONFLICT (variant_id) DO NOTHING;
INSERT INTO products (id, category_id, slug, name, description, short_description, brand, brand_id, status) VALUES ('71ed0029-a77d-47a5-b3f9-f0ef7e99af1d', 'd4a9078e-814a-4a8e-a716-1bb29aa40e6c', 'product-74', 'Awesome Product 74', 'This is the detailed description for Awesome Product 74.', 'Short description 74', 'BrandX', 'b77a7f9a-1111-4b8a-9b1b-1234567890ab', 'active') ON CONFLICT (slug) DO NOTHING;
INSERT INTO variants (id, product_id, sku, name, price, is_active) VALUES ('40a875d2-fb8e-4241-b3c1-fe17b7a4c013', '71ed0029-a77d-47a5-b3f9-f0ef7e99af1d', 'SKU-74', 'Default Variant', 34.00, true) ON CONFLICT (sku) DO NOTHING;
INSERT INTO inventory (variant_id, quantity_on_hand, quantity_reserved) VALUES ('40a875d2-fb8e-4241-b3c1-fe17b7a4c013', 124, 0) ON CONFLICT (variant_id) DO NOTHING;
INSERT INTO products (id, category_id, slug, name, description, short_description, brand, brand_id, status) VALUES ('581a0795-9250-4058-9f3a-479f937eb2ff', 'd4a9078e-814a-4a8e-a716-1bb29aa40e6c', 'product-75', 'Awesome Product 75', 'This is the detailed description for Awesome Product 75.', 'Short description 75', 'BrandX', 'b77a7f9a-1111-4b8a-9b1b-1234567890ab', 'active') ON CONFLICT (slug) DO NOTHING;
INSERT INTO variants (id, product_id, sku, name, price, is_active) VALUES ('daead7fd-bc17-4736-9dff-bb571f8f1f05', '581a0795-9250-4058-9f3a-479f937eb2ff', 'SKU-75', 'Default Variant', 35.00, true) ON CONFLICT (sku) DO NOTHING;
INSERT INTO inventory (variant_id, quantity_on_hand, quantity_reserved) VALUES ('daead7fd-bc17-4736-9dff-bb571f8f1f05', 125, 0) ON CONFLICT (variant_id) DO NOTHING;
INSERT INTO products (id, category_id, slug, name, description, short_description, brand, brand_id, status) VALUES ('7e356adc-8133-4945-8a67-28c7f52c9918', 'd4a9078e-814a-4a8e-a716-1bb29aa40e6c', 'product-76', 'Awesome Product 76', 'This is the detailed description for Awesome Product 76.', 'Short description 76', 'BrandX', 'b77a7f9a-1111-4b8a-9b1b-1234567890ab', 'active') ON CONFLICT (slug) DO NOTHING;
INSERT INTO variants (id, product_id, sku, name, price, is_active) VALUES ('754a02bc-3bd5-4aaf-8fd5-d956b4e0dbeb', '7e356adc-8133-4945-8a67-28c7f52c9918', 'SKU-76', 'Default Variant', 36.00, true) ON CONFLICT (sku) DO NOTHING;
INSERT INTO inventory (variant_id, quantity_on_hand, quantity_reserved) VALUES ('754a02bc-3bd5-4aaf-8fd5-d956b4e0dbeb', 126, 0) ON CONFLICT (variant_id) DO NOTHING;
INSERT INTO products (id, category_id, slug, name, description, short_description, brand, brand_id, status) VALUES ('c6fd5d12-18d2-41f5-abb3-00dfd03b4e11', 'd4a9078e-814a-4a8e-a716-1bb29aa40e6c', 'product-77', 'Awesome Product 77', 'This is the detailed description for Awesome Product 77.', 'Short description 77', 'BrandX', 'b77a7f9a-1111-4b8a-9b1b-1234567890ab', 'active') ON CONFLICT (slug) DO NOTHING;
INSERT INTO variants (id, product_id, sku, name, price, is_active) VALUES ('ccc9e28d-27f6-46d7-8512-5f1c6687fba7', 'c6fd5d12-18d2-41f5-abb3-00dfd03b4e11', 'SKU-77', 'Default Variant', 37.00, true) ON CONFLICT (sku) DO NOTHING;
INSERT INTO inventory (variant_id, quantity_on_hand, quantity_reserved) VALUES ('ccc9e28d-27f6-46d7-8512-5f1c6687fba7', 127, 0) ON CONFLICT (variant_id) DO NOTHING;
INSERT INTO products (id, category_id, slug, name, description, short_description, brand, brand_id, status) VALUES ('87ddb56e-e1af-46f2-bc97-62a1976cae31', 'd4a9078e-814a-4a8e-a716-1bb29aa40e6c', 'product-78', 'Awesome Product 78', 'This is the detailed description for Awesome Product 78.', 'Short description 78', 'BrandX', 'b77a7f9a-1111-4b8a-9b1b-1234567890ab', 'active') ON CONFLICT (slug) DO NOTHING;
INSERT INTO variants (id, product_id, sku, name, price, is_active) VALUES ('b9e970da-56f6-4ef3-81db-95c495964601', '87ddb56e-e1af-46f2-bc97-62a1976cae31', 'SKU-78', 'Default Variant', 38.00, true) ON CONFLICT (sku) DO NOTHING;
INSERT INTO inventory (variant_id, quantity_on_hand, quantity_reserved) VALUES ('b9e970da-56f6-4ef3-81db-95c495964601', 128, 0) ON CONFLICT (variant_id) DO NOTHING;
INSERT INTO products (id, category_id, slug, name, description, short_description, brand, brand_id, status) VALUES ('38058d1b-355d-4eb8-bdb1-0e1ee4b090e7', 'd4a9078e-814a-4a8e-a716-1bb29aa40e6c', 'product-79', 'Awesome Product 79', 'This is the detailed description for Awesome Product 79.', 'Short description 79', 'BrandX', 'b77a7f9a-1111-4b8a-9b1b-1234567890ab', 'active') ON CONFLICT (slug) DO NOTHING;
INSERT INTO variants (id, product_id, sku, name, price, is_active) VALUES ('14087be0-d025-4b5b-85f3-ce1d541ae4c5', '38058d1b-355d-4eb8-bdb1-0e1ee4b090e7', 'SKU-79', 'Default Variant', 39.00, true) ON CONFLICT (sku) DO NOTHING;
INSERT INTO inventory (variant_id, quantity_on_hand, quantity_reserved) VALUES ('14087be0-d025-4b5b-85f3-ce1d541ae4c5', 129, 0) ON CONFLICT (variant_id) DO NOTHING;
INSERT INTO products (id, category_id, slug, name, description, short_description, brand, brand_id, status) VALUES ('b93b9392-3c46-4271-863d-5275e946319a', 'd4a9078e-814a-4a8e-a716-1bb29aa40e6c', 'product-80', 'Awesome Product 80', 'This is the detailed description for Awesome Product 80.', 'Short description 80', 'BrandX', 'b77a7f9a-1111-4b8a-9b1b-1234567890ab', 'active') ON CONFLICT (slug) DO NOTHING;
INSERT INTO variants (id, product_id, sku, name, price, is_active) VALUES ('ed9e7b3b-978c-49bf-ac90-3c07aef468fa', 'b93b9392-3c46-4271-863d-5275e946319a', 'SKU-80', 'Default Variant', 40.00, true) ON CONFLICT (sku) DO NOTHING;
INSERT INTO inventory (variant_id, quantity_on_hand, quantity_reserved) VALUES ('ed9e7b3b-978c-49bf-ac90-3c07aef468fa', 130, 0) ON CONFLICT (variant_id) DO NOTHING;
INSERT INTO products (id, category_id, slug, name, description, short_description, brand, brand_id, status) VALUES ('40a12144-df79-46a1-b1ea-81543aea9f69', 'd4a9078e-814a-4a8e-a716-1bb29aa40e6c', 'product-81', 'Awesome Product 81', 'This is the detailed description for Awesome Product 81.', 'Short description 81', 'BrandX', 'b77a7f9a-1111-4b8a-9b1b-1234567890ab', 'active') ON CONFLICT (slug) DO NOTHING;
INSERT INTO variants (id, product_id, sku, name, price, is_active) VALUES ('b79a58fb-3deb-437a-b7c8-eddddcb308c5', '40a12144-df79-46a1-b1ea-81543aea9f69', 'SKU-81', 'Default Variant', 41.00, true) ON CONFLICT (sku) DO NOTHING;
INSERT INTO inventory (variant_id, quantity_on_hand, quantity_reserved) VALUES ('b79a58fb-3deb-437a-b7c8-eddddcb308c5', 131, 0) ON CONFLICT (variant_id) DO NOTHING;
INSERT INTO products (id, category_id, slug, name, description, short_description, brand, brand_id, status) VALUES ('d4dbd19f-2df3-4885-9fb6-a4f80ea253dd', 'd4a9078e-814a-4a8e-a716-1bb29aa40e6c', 'product-82', 'Awesome Product 82', 'This is the detailed description for Awesome Product 82.', 'Short description 82', 'BrandX', 'b77a7f9a-1111-4b8a-9b1b-1234567890ab', 'active') ON CONFLICT (slug) DO NOTHING;
INSERT INTO variants (id, product_id, sku, name, price, is_active) VALUES ('80a4101a-c706-41b3-af13-87df7734962f', 'd4dbd19f-2df3-4885-9fb6-a4f80ea253dd', 'SKU-82', 'Default Variant', 42.00, true) ON CONFLICT (sku) DO NOTHING;
INSERT INTO inventory (variant_id, quantity_on_hand, quantity_reserved) VALUES ('80a4101a-c706-41b3-af13-87df7734962f', 132, 0) ON CONFLICT (variant_id) DO NOTHING;
INSERT INTO products (id, category_id, slug, name, description, short_description, brand, brand_id, status) VALUES ('7b95ff0d-25a3-4a97-a9ea-5eb18de27dc7', 'd4a9078e-814a-4a8e-a716-1bb29aa40e6c', 'product-83', 'Awesome Product 83', 'This is the detailed description for Awesome Product 83.', 'Short description 83', 'BrandX', 'b77a7f9a-1111-4b8a-9b1b-1234567890ab', 'active') ON CONFLICT (slug) DO NOTHING;
INSERT INTO variants (id, product_id, sku, name, price, is_active) VALUES ('38755daf-1db2-483d-adb8-625d4a6eacef', '7b95ff0d-25a3-4a97-a9ea-5eb18de27dc7', 'SKU-83', 'Default Variant', 43.00, true) ON CONFLICT (sku) DO NOTHING;
INSERT INTO inventory (variant_id, quantity_on_hand, quantity_reserved) VALUES ('38755daf-1db2-483d-adb8-625d4a6eacef', 133, 0) ON CONFLICT (variant_id) DO NOTHING;
INSERT INTO products (id, category_id, slug, name, description, short_description, brand, brand_id, status) VALUES ('4ce5291d-f6b5-4f56-aea7-f4c208276fc9', 'd4a9078e-814a-4a8e-a716-1bb29aa40e6c', 'product-84', 'Awesome Product 84', 'This is the detailed description for Awesome Product 84.', 'Short description 84', 'BrandX', 'b77a7f9a-1111-4b8a-9b1b-1234567890ab', 'active') ON CONFLICT (slug) DO NOTHING;
INSERT INTO variants (id, product_id, sku, name, price, is_active) VALUES ('b847ef53-4e30-41e3-8bd1-872f0274e2e6', '4ce5291d-f6b5-4f56-aea7-f4c208276fc9', 'SKU-84', 'Default Variant', 44.00, true) ON CONFLICT (sku) DO NOTHING;
INSERT INTO inventory (variant_id, quantity_on_hand, quantity_reserved) VALUES ('b847ef53-4e30-41e3-8bd1-872f0274e2e6', 134, 0) ON CONFLICT (variant_id) DO NOTHING;
INSERT INTO products (id, category_id, slug, name, description, short_description, brand, brand_id, status) VALUES ('6e2cab94-9105-4cc0-8e37-56c50747d282', 'd4a9078e-814a-4a8e-a716-1bb29aa40e6c', 'product-85', 'Awesome Product 85', 'This is the detailed description for Awesome Product 85.', 'Short description 85', 'BrandX', 'b77a7f9a-1111-4b8a-9b1b-1234567890ab', 'active') ON CONFLICT (slug) DO NOTHING;
INSERT INTO variants (id, product_id, sku, name, price, is_active) VALUES ('fddb2f13-d8d1-493c-bb5f-919df4efbad4', '6e2cab94-9105-4cc0-8e37-56c50747d282', 'SKU-85', 'Default Variant', 45.00, true) ON CONFLICT (sku) DO NOTHING;
INSERT INTO inventory (variant_id, quantity_on_hand, quantity_reserved) VALUES ('fddb2f13-d8d1-493c-bb5f-919df4efbad4', 135, 0) ON CONFLICT (variant_id) DO NOTHING;
INSERT INTO products (id, category_id, slug, name, description, short_description, brand, brand_id, status) VALUES ('77b0587d-78c2-4d65-af20-0f46dae8d10d', 'd4a9078e-814a-4a8e-a716-1bb29aa40e6c', 'product-86', 'Awesome Product 86', 'This is the detailed description for Awesome Product 86.', 'Short description 86', 'BrandX', 'b77a7f9a-1111-4b8a-9b1b-1234567890ab', 'active') ON CONFLICT (slug) DO NOTHING;
INSERT INTO variants (id, product_id, sku, name, price, is_active) VALUES ('d62c19e2-e06d-4907-966d-fb24c72e5b17', '77b0587d-78c2-4d65-af20-0f46dae8d10d', 'SKU-86', 'Default Variant', 46.00, true) ON CONFLICT (sku) DO NOTHING;
INSERT INTO inventory (variant_id, quantity_on_hand, quantity_reserved) VALUES ('d62c19e2-e06d-4907-966d-fb24c72e5b17', 136, 0) ON CONFLICT (variant_id) DO NOTHING;
INSERT INTO products (id, category_id, slug, name, description, short_description, brand, brand_id, status) VALUES ('b77ac098-7428-4149-b8de-3e8148f80d55', 'd4a9078e-814a-4a8e-a716-1bb29aa40e6c', 'product-87', 'Awesome Product 87', 'This is the detailed description for Awesome Product 87.', 'Short description 87', 'BrandX', 'b77a7f9a-1111-4b8a-9b1b-1234567890ab', 'active') ON CONFLICT (slug) DO NOTHING;
INSERT INTO variants (id, product_id, sku, name, price, is_active) VALUES ('ff6bcccb-a81b-4741-9bd4-b11c79cf8b7b', 'b77ac098-7428-4149-b8de-3e8148f80d55', 'SKU-87', 'Default Variant', 47.00, true) ON CONFLICT (sku) DO NOTHING;
INSERT INTO inventory (variant_id, quantity_on_hand, quantity_reserved) VALUES ('ff6bcccb-a81b-4741-9bd4-b11c79cf8b7b', 137, 0) ON CONFLICT (variant_id) DO NOTHING;
INSERT INTO products (id, category_id, slug, name, description, short_description, brand, brand_id, status) VALUES ('65818c6f-68e5-48be-babc-f043b33f81f0', 'd4a9078e-814a-4a8e-a716-1bb29aa40e6c', 'product-88', 'Awesome Product 88', 'This is the detailed description for Awesome Product 88.', 'Short description 88', 'BrandX', 'b77a7f9a-1111-4b8a-9b1b-1234567890ab', 'active') ON CONFLICT (slug) DO NOTHING;
INSERT INTO variants (id, product_id, sku, name, price, is_active) VALUES ('1bd40e1a-2cf4-4128-baf1-6f90bc7ba368', '65818c6f-68e5-48be-babc-f043b33f81f0', 'SKU-88', 'Default Variant', 48.00, true) ON CONFLICT (sku) DO NOTHING;
INSERT INTO inventory (variant_id, quantity_on_hand, quantity_reserved) VALUES ('1bd40e1a-2cf4-4128-baf1-6f90bc7ba368', 138, 0) ON CONFLICT (variant_id) DO NOTHING;
INSERT INTO products (id, category_id, slug, name, description, short_description, brand, brand_id, status) VALUES ('284506ee-3fc5-4cb0-90e2-00782f37c718', 'd4a9078e-814a-4a8e-a716-1bb29aa40e6c', 'product-89', 'Awesome Product 89', 'This is the detailed description for Awesome Product 89.', 'Short description 89', 'BrandX', 'b77a7f9a-1111-4b8a-9b1b-1234567890ab', 'active') ON CONFLICT (slug) DO NOTHING;
INSERT INTO variants (id, product_id, sku, name, price, is_active) VALUES ('77543e1a-2ce7-4998-bf72-3b27e76b7ba3', '284506ee-3fc5-4cb0-90e2-00782f37c718', 'SKU-89', 'Default Variant', 49.00, true) ON CONFLICT (sku) DO NOTHING;
INSERT INTO inventory (variant_id, quantity_on_hand, quantity_reserved) VALUES ('77543e1a-2ce7-4998-bf72-3b27e76b7ba3', 139, 0) ON CONFLICT (variant_id) DO NOTHING;
INSERT INTO products (id, category_id, slug, name, description, short_description, brand, brand_id, status) VALUES ('11b39cf9-83a2-4d23-9173-31086a4c9625', 'd4a9078e-814a-4a8e-a716-1bb29aa40e6c', 'product-90', 'Awesome Product 90', 'This is the detailed description for Awesome Product 90.', 'Short description 90', 'BrandX', 'b77a7f9a-1111-4b8a-9b1b-1234567890ab', 'active') ON CONFLICT (slug) DO NOTHING;
INSERT INTO variants (id, product_id, sku, name, price, is_active) VALUES ('37e56368-7bcc-4e5e-ba8c-fdcc7a6878fa', '11b39cf9-83a2-4d23-9173-31086a4c9625', 'SKU-90', 'Default Variant', 50.00, true) ON CONFLICT (sku) DO NOTHING;
INSERT INTO inventory (variant_id, quantity_on_hand, quantity_reserved) VALUES ('37e56368-7bcc-4e5e-ba8c-fdcc7a6878fa', 140, 0) ON CONFLICT (variant_id) DO NOTHING;
INSERT INTO products (id, category_id, slug, name, description, short_description, brand, brand_id, status) VALUES ('bb2a2733-aa11-4ce5-b92b-412bbbc311eb', 'd4a9078e-814a-4a8e-a716-1bb29aa40e6c', 'product-91', 'Awesome Product 91', 'This is the detailed description for Awesome Product 91.', 'Short description 91', 'BrandX', 'b77a7f9a-1111-4b8a-9b1b-1234567890ab', 'active') ON CONFLICT (slug) DO NOTHING;
INSERT INTO variants (id, product_id, sku, name, price, is_active) VALUES ('e83dcaf3-618f-44b1-9676-91f1281ec96a', 'bb2a2733-aa11-4ce5-b92b-412bbbc311eb', 'SKU-91', 'Default Variant', 51.00, true) ON CONFLICT (sku) DO NOTHING;
INSERT INTO inventory (variant_id, quantity_on_hand, quantity_reserved) VALUES ('e83dcaf3-618f-44b1-9676-91f1281ec96a', 141, 0) ON CONFLICT (variant_id) DO NOTHING;
INSERT INTO products (id, category_id, slug, name, description, short_description, brand, brand_id, status) VALUES ('6bcb8e09-6ca9-4678-8f40-a5d6439e6489', 'd4a9078e-814a-4a8e-a716-1bb29aa40e6c', 'product-92', 'Awesome Product 92', 'This is the detailed description for Awesome Product 92.', 'Short description 92', 'BrandX', 'b77a7f9a-1111-4b8a-9b1b-1234567890ab', 'active') ON CONFLICT (slug) DO NOTHING;
INSERT INTO variants (id, product_id, sku, name, price, is_active) VALUES ('2ed1bd6c-3cc5-448b-acd7-31e998397b82', '6bcb8e09-6ca9-4678-8f40-a5d6439e6489', 'SKU-92', 'Default Variant', 52.00, true) ON CONFLICT (sku) DO NOTHING;
INSERT INTO inventory (variant_id, quantity_on_hand, quantity_reserved) VALUES ('2ed1bd6c-3cc5-448b-acd7-31e998397b82', 142, 0) ON CONFLICT (variant_id) DO NOTHING;
INSERT INTO products (id, category_id, slug, name, description, short_description, brand, brand_id, status) VALUES ('e6dfdbf0-39de-4c7e-8edc-4a3b9f042ded', 'd4a9078e-814a-4a8e-a716-1bb29aa40e6c', 'product-93', 'Awesome Product 93', 'This is the detailed description for Awesome Product 93.', 'Short description 93', 'BrandX', 'b77a7f9a-1111-4b8a-9b1b-1234567890ab', 'active') ON CONFLICT (slug) DO NOTHING;
INSERT INTO variants (id, product_id, sku, name, price, is_active) VALUES ('8d635470-66de-4e7a-a324-07ba8ead1f12', 'e6dfdbf0-39de-4c7e-8edc-4a3b9f042ded', 'SKU-93', 'Default Variant', 53.00, true) ON CONFLICT (sku) DO NOTHING;
INSERT INTO inventory (variant_id, quantity_on_hand, quantity_reserved) VALUES ('8d635470-66de-4e7a-a324-07ba8ead1f12', 143, 0) ON CONFLICT (variant_id) DO NOTHING;
INSERT INTO products (id, category_id, slug, name, description, short_description, brand, brand_id, status) VALUES ('8f763ef5-b6ad-4180-9924-4a3b170eea8c', 'd4a9078e-814a-4a8e-a716-1bb29aa40e6c', 'product-94', 'Awesome Product 94', 'This is the detailed description for Awesome Product 94.', 'Short description 94', 'BrandX', 'b77a7f9a-1111-4b8a-9b1b-1234567890ab', 'active') ON CONFLICT (slug) DO NOTHING;
INSERT INTO variants (id, product_id, sku, name, price, is_active) VALUES ('aa5bd009-1719-4b7b-91d5-dbcee79976f8', '8f763ef5-b6ad-4180-9924-4a3b170eea8c', 'SKU-94', 'Default Variant', 54.00, true) ON CONFLICT (sku) DO NOTHING;
INSERT INTO inventory (variant_id, quantity_on_hand, quantity_reserved) VALUES ('aa5bd009-1719-4b7b-91d5-dbcee79976f8', 144, 0) ON CONFLICT (variant_id) DO NOTHING;
INSERT INTO products (id, category_id, slug, name, description, short_description, brand, brand_id, status) VALUES ('88401e94-1121-444f-966f-a34adfeef8b7', 'd4a9078e-814a-4a8e-a716-1bb29aa40e6c', 'product-95', 'Awesome Product 95', 'This is the detailed description for Awesome Product 95.', 'Short description 95', 'BrandX', 'b77a7f9a-1111-4b8a-9b1b-1234567890ab', 'active') ON CONFLICT (slug) DO NOTHING;
INSERT INTO variants (id, product_id, sku, name, price, is_active) VALUES ('b1a432a7-7289-47f1-9a9e-766c86215c37', '88401e94-1121-444f-966f-a34adfeef8b7', 'SKU-95', 'Default Variant', 55.00, true) ON CONFLICT (sku) DO NOTHING;
INSERT INTO inventory (variant_id, quantity_on_hand, quantity_reserved) VALUES ('b1a432a7-7289-47f1-9a9e-766c86215c37', 145, 0) ON CONFLICT (variant_id) DO NOTHING;
INSERT INTO products (id, category_id, slug, name, description, short_description, brand, brand_id, status) VALUES ('e8881052-a613-4174-9fbd-26aa3cf1c21a', 'd4a9078e-814a-4a8e-a716-1bb29aa40e6c', 'product-96', 'Awesome Product 96', 'This is the detailed description for Awesome Product 96.', 'Short description 96', 'BrandX', 'b77a7f9a-1111-4b8a-9b1b-1234567890ab', 'active') ON CONFLICT (slug) DO NOTHING;
INSERT INTO variants (id, product_id, sku, name, price, is_active) VALUES ('3912e3ce-9194-4cee-a7f6-9094380260cf', 'e8881052-a613-4174-9fbd-26aa3cf1c21a', 'SKU-96', 'Default Variant', 56.00, true) ON CONFLICT (sku) DO NOTHING;
INSERT INTO inventory (variant_id, quantity_on_hand, quantity_reserved) VALUES ('3912e3ce-9194-4cee-a7f6-9094380260cf', 146, 0) ON CONFLICT (variant_id) DO NOTHING;
INSERT INTO products (id, category_id, slug, name, description, short_description, brand, brand_id, status) VALUES ('4fb1a872-908e-4c6f-8fb6-46bfa6202fcc', 'd4a9078e-814a-4a8e-a716-1bb29aa40e6c', 'product-97', 'Awesome Product 97', 'This is the detailed description for Awesome Product 97.', 'Short description 97', 'BrandX', 'b77a7f9a-1111-4b8a-9b1b-1234567890ab', 'active') ON CONFLICT (slug) DO NOTHING;
INSERT INTO variants (id, product_id, sku, name, price, is_active) VALUES ('ec09bd57-b423-4c95-969d-09dcbb1f8b60', '4fb1a872-908e-4c6f-8fb6-46bfa6202fcc', 'SKU-97', 'Default Variant', 57.00, true) ON CONFLICT (sku) DO NOTHING;
INSERT INTO inventory (variant_id, quantity_on_hand, quantity_reserved) VALUES ('ec09bd57-b423-4c95-969d-09dcbb1f8b60', 147, 0) ON CONFLICT (variant_id) DO NOTHING;
INSERT INTO products (id, category_id, slug, name, description, short_description, brand, brand_id, status) VALUES ('4270f602-61ef-436e-87f5-16d19103ca02', 'd4a9078e-814a-4a8e-a716-1bb29aa40e6c', 'product-98', 'Awesome Product 98', 'This is the detailed description for Awesome Product 98.', 'Short description 98', 'BrandX', 'b77a7f9a-1111-4b8a-9b1b-1234567890ab', 'active') ON CONFLICT (slug) DO NOTHING;
INSERT INTO variants (id, product_id, sku, name, price, is_active) VALUES ('03799c4c-6dde-4ae6-a22e-fed2c4ff77c3', '4270f602-61ef-436e-87f5-16d19103ca02', 'SKU-98', 'Default Variant', 58.00, true) ON CONFLICT (sku) DO NOTHING;
INSERT INTO inventory (variant_id, quantity_on_hand, quantity_reserved) VALUES ('03799c4c-6dde-4ae6-a22e-fed2c4ff77c3', 148, 0) ON CONFLICT (variant_id) DO NOTHING;
INSERT INTO products (id, category_id, slug, name, description, short_description, brand, brand_id, status) VALUES ('dfdf7eea-8069-4af2-b31f-143752198f48', 'd4a9078e-814a-4a8e-a716-1bb29aa40e6c', 'product-99', 'Awesome Product 99', 'This is the detailed description for Awesome Product 99.', 'Short description 99', 'BrandX', 'b77a7f9a-1111-4b8a-9b1b-1234567890ab', 'active') ON CONFLICT (slug) DO NOTHING;
INSERT INTO variants (id, product_id, sku, name, price, is_active) VALUES ('c33358f9-d23b-4bd8-9290-abc4337c06fb', 'dfdf7eea-8069-4af2-b31f-143752198f48', 'SKU-99', 'Default Variant', 59.00, true) ON CONFLICT (sku) DO NOTHING;
INSERT INTO inventory (variant_id, quantity_on_hand, quantity_reserved) VALUES ('c33358f9-d23b-4bd8-9290-abc4337c06fb', 149, 0) ON CONFLICT (variant_id) DO NOTHING;
INSERT INTO products (id, category_id, slug, name, description, short_description, brand, brand_id, status) VALUES ('db63dbae-3743-4b71-9454-2043dfeddb7b', 'd4a9078e-814a-4a8e-a716-1bb29aa40e6c', 'product-100', 'Awesome Product 100', 'This is the detailed description for Awesome Product 100.', 'Short description 100', 'BrandX', 'b77a7f9a-1111-4b8a-9b1b-1234567890ab', 'active') ON CONFLICT (slug) DO NOTHING;
INSERT INTO variants (id, product_id, sku, name, price, is_active) VALUES ('1528786b-b85a-4ec5-a59c-3ea424906ad1', 'db63dbae-3743-4b71-9454-2043dfeddb7b', 'SKU-100', 'Default Variant', 10.00, true) ON CONFLICT (sku) DO NOTHING;
INSERT INTO inventory (variant_id, quantity_on_hand, quantity_reserved) VALUES ('1528786b-b85a-4ec5-a59c-3ea424906ad1', 100, 0) ON CONFLICT (variant_id) DO NOTHING;
